side,n,t_pulse,acc_doute,acc_conv,gain,n_seeds
5,25,350,0.750000,0.350000,0.400000,20
10,100,350,0.900000,0.400000,0.500000,20
