gamma_int,accuracy
0.000000,0.875000
0.050000,0.791667
0.150000,0.708333
0.300000,0.875000
0.500000,0.791667
