gamma_int,mean_final_spread,se_final_spread
0.000000,0.360153,0.028611
0.050000,0.318932,0.027054
0.150000,0.349439,0.020717
0.300000,0.376680,0.016201
0.500000,0.398983,0.016060
