part,n,acc_vote,se_vote,acc_interference,se_interference
solo,40,0.925000,0.042176,0.900000,0.048038
pair,48,0.541667,0.072679,0.812500,0.056933
