gamma_int,acc_vote,acc_interference
0.000000,0.933333,0.733333
0.050000,0.933333,0.800000
0.150000,0.866667,0.766667
0.300000,0.800000,0.833333
0.500000,0.733333,0.733333
