t2,acc_primed,acc_fresh,cout_cicatrice
50,0.066667,0.700000,0.633333
150,0.666667,0.933333,0.266667
300,1.000000,1.000000,0.000000
600,1.000000,1.000000,0.000000
