tau_u,group,seed,bloc,step,u,u_filter,synchrony,r_intra,r_inter,n_min,t_cross_u05
2.0,canon,0,0,0,0.843096,-0.782407,0.39931987,0.49791196,-0.36739098,6,35
2.0,canon,0,1,300,0.987187,-0.900517,0.57154179,0.76459366,-0.40220335,9,35
2.0,canon,0,2,600,0.997318,-0.905804,0.16628413,0.62327844,-0.47537229,29,35
2.0,canon,0,3,900,0.996253,-0.905262,0.28104809,0.69931145,-0.40490384,25,35
2.0,canon,0,4,1200,0.995508,-0.904882,0.03074968,0.52771240,-0.46261186,46,35
2.0,canon,0,5,1500,0.997691,-0.905992,0.07508882,0.51929407,-0.41398945,38,35
2.0,canon,0,6,1800,0.994183,-0.904201,0.17551882,0.57350945,-0.40369967,28,35
2.0,canon,0,7,2100,0.997678,-0.905986,0.05846018,0.42369156,-0.30677120,45,35
2.0,canon,0,8,2400,0.995930,-0.905098,0.25329181,0.47589754,-0.21278895,20,35
2.0,canon,0,9,2700,0.997629,-0.905961,0.16464851,0.48915661,-0.47908636,21,35
2.0,canon,0,10,3000,0.997002,-0.905643,0.27988744,0.64289940,-0.44022851,21,35
2.0,canon,0,11,3300,0.996119,-0.905194,-0.00033841,0.46287463,-0.45465421,49,35
2.0,canon,0,12,3600,0.997836,-0.906066,0.06935409,0.51581544,-0.37710726,45,35
2.0,canon,0,13,3900,0.994676,-0.904455,0.14628141,0.54978546,-0.38398970,31,35
2.0,canon,0,14,4200,0.997522,-0.905907,0.04613116,0.45230714,-0.41022874,37,35
2.0,canon,0,15,4500,0.996146,-0.905208,0.26862299,0.47633534,-0.25235080,17,35
2.0,canon,0,16,4800,0.996030,-0.905149,-0.00510348,0.35488807,-0.38176268,41,35
2.0,canon,0,17,5100,0.996145,-0.905207,0.02079855,0.37202732,-0.33730862,43,35
2.0,canon,0,18,5400,0.996699,-0.905489,0.04707482,0.46810854,-0.40027350,40,35
2.0,canon,0,19,5700,0.997278,-0.905783,0.14359250,0.52721606,-0.37703946,30,35
2.0,canon,0,20,6000,0.996364,-0.905319,-0.00609165,0.32871764,-0.33447004,49,35
2.0,canon,0,21,6300,0.997199,-0.905744,0.00572507,0.38730257,-0.37095060,47,35
2.0,canon,0,22,6600,0.995982,-0.905124,0.09976115,0.42484515,-0.32745302,31,35
2.0,canon,0,23,6900,0.996242,-0.905257,-0.00778104,0.30172419,-0.31134140,49,35
2.0,canon,0,24,7200,0.996290,-0.905281,0.06546152,0.35967480,-0.29901165,33,35
2.0,canon,0,25,7500,0.997074,-0.905680,0.00118933,0.36357831,-0.35654431,47,35
2.0,canon,0,26,7800,0.996519,-0.905398,0.04687486,0.32877785,-0.28459349,35,35
2.0,canon,0,27,8100,0.996441,-0.905358,-0.00162981,0.34353554,-0.39803064,36,35
2.0,canon,0,28,8400,0.997787,-0.906041,0.02845499,0.43857909,-0.37379157,49,35
2.0,canon,0,29,8700,0.995281,-0.904765,0.11691852,0.40206642,-0.28345185,29,35
2.0,canon,1,0,0,0.854773,-0.795666,0.39943475,0.45318460,-0.10694542,5,31
2.0,canon,1,1,300,0.988552,-0.901248,0.52800925,0.75277037,-0.38366228,11,31
2.0,canon,1,2,600,0.997216,-0.905752,0.16038512,0.57745167,-0.49556260,26,31
2.0,canon,1,3,900,0.996775,-0.905528,0.20221092,0.69270591,-0.44238067,31,31
2.0,canon,1,4,1200,0.994984,-0.904613,0.04063775,0.49352701,-0.40643357,47,31
2.0,canon,1,5,1500,0.997980,-0.906139,0.05380226,0.42277638,-0.36994145,36,31
2.0,canon,1,6,1800,0.996429,-0.905352,0.21066159,0.49923713,-0.28390372,24,31
2.0,canon,1,7,2100,0.996410,-0.905342,-0.00527248,0.25455162,-0.26741643,44,31
2.0,canon,1,8,2400,0.996551,-0.905414,0.00780239,0.35431680,-0.34980731,42,31
2.0,canon,1,9,2700,0.995718,-0.904989,0.01004860,0.28049269,-0.26039549,45,31
2.0,canon,1,10,3000,0.997519,-0.905906,0.03699837,0.38697910,-0.34122798,39,31
2.0,canon,1,11,3300,0.996788,-0.905535,0.21032289,0.45947446,-0.31133820,20,31
2.0,canon,1,12,3600,0.996873,-0.905578,0.00069888,0.30470151,-0.33401369,38,31
2.0,canon,1,13,3900,0.996334,-0.905303,0.01190053,0.29558137,-0.29467509,39,31
2.0,canon,1,14,4200,0.996004,-0.905135,-0.00494631,0.23881428,-0.25088333,44,31
2.0,canon,1,15,4500,0.997066,-0.905676,-0.00010547,0.33538296,-0.32994867,48,31
2.0,canon,1,16,4800,0.995801,-0.905031,0.12209175,0.40948475,-0.24428149,32,31
2.0,canon,1,17,5100,0.997665,-0.905979,0.07326398,0.47115284,-0.41964313,33,31
2.0,canon,1,18,5400,0.996099,-0.905184,0.29206717,0.53160173,-0.30872149,17,31
2.0,canon,1,19,5700,0.996476,-0.905376,0.01683960,0.36386349,-0.34625154,41,31
2.0,canon,1,20,6000,0.996748,-0.905514,0.03212653,0.32094796,-0.25927366,44,31
2.0,canon,1,21,6300,0.996366,-0.905320,-0.00239023,0.25529872,-0.25512958,49,31
2.0,canon,1,22,6600,0.996811,-0.905546,-0.00426048,0.29578003,-0.29925223,48,31
2.0,canon,1,23,6900,0.997060,-0.905673,0.00105401,0.36581919,-0.36371117,45,31
2.0,canon,1,24,7200,0.995800,-0.905031,0.02261477,0.29989355,-0.26750205,41,31
2.0,canon,1,25,7500,0.996123,-0.905196,0.00077491,0.33540560,-0.32822498,48,31
2.0,canon,1,26,7800,0.996797,-0.905539,0.03865253,0.32323529,-0.30452080,34,31
2.0,canon,1,27,8100,0.996532,-0.905405,0.02529833,0.33060912,-0.29909438,40,31
2.0,canon,1,28,8400,0.996780,-0.905531,-0.00601506,0.31321993,-0.32293674,46,31
2.0,canon,1,29,8700,0.996001,-0.905134,0.07850960,0.35310349,-0.27154715,32,31
2.0,canon,2,0,0,0.857642,-0.798805,0.44636700,0.51579774,-0.37920798,4,35
2.0,canon,2,1,300,0.987768,-0.900829,0.69329770,0.82388017,-0.32218933,6,35
2.0,canon,2,2,600,0.996643,-0.905461,0.10264429,0.44524707,-0.39596510,28,35
2.0,canon,2,3,900,0.996629,-0.905454,0.09000843,0.50012155,-0.36153377,38,35
2.0,canon,2,4,1200,0.996154,-0.905212,0.01890909,0.36209268,-0.34016394,41,35
2.0,canon,2,5,1500,0.997203,-0.905745,0.07194911,0.41143293,-0.31792685,36,35
2.0,canon,2,6,1800,0.996212,-0.905241,0.00097930,0.26912219,-0.26371896,47,35
2.0,canon,2,7,2100,0.996679,-0.905479,0.00355501,0.35430334,-0.35842418,42,35
2.0,canon,2,8,2400,0.996266,-0.905269,0.05655372,0.28595441,-0.22762923,33,35
2.0,canon,2,9,2700,0.995770,-0.905016,-0.00305300,0.26618328,-0.27033829,46,35
2.0,canon,2,10,3000,0.996679,-0.905479,0.01869272,0.29583529,-0.28644643,38,35
2.0,canon,2,11,3300,0.996004,-0.905135,0.00261646,0.29376987,-0.28271389,50,35
2.0,canon,2,12,3600,0.996751,-0.905516,0.00064423,0.30219460,-0.30090613,45,35
2.0,canon,2,13,3900,0.995558,-0.904907,0.05260844,0.37949058,-0.28067531,43,35
2.0,canon,2,14,4200,0.997776,-0.906036,0.06911809,0.36218337,-0.29393292,33,35
2.0,canon,2,15,4500,0.996073,-0.905170,0.16233028,0.43831307,-0.27172581,26,35
2.0,canon,2,16,4800,0.996644,-0.905461,0.00213187,0.29944170,-0.29302355,46,35
2.0,canon,2,17,5100,0.996847,-0.905565,0.03903695,0.36061313,-0.32227065,37,35
2.0,canon,2,18,5400,0.995805,-0.905034,0.02801692,0.25108243,-0.22815987,36,35
2.0,canon,2,19,5700,0.996208,-0.905240,0.01517197,0.34262103,-0.30676713,48,35
2.0,canon,2,20,6000,0.996055,-0.905162,-0.00441694,0.32772972,-0.33018384,49,35
2.0,canon,2,21,6300,0.996094,-0.905181,-0.00277128,0.27962946,-0.27974775,49,35
2.0,canon,2,22,6600,0.996855,-0.905569,-0.00327140,0.26942029,-0.27137452,48,35
2.0,canon,2,23,6900,0.996945,-0.905615,-0.00003483,0.30117629,-0.29737651,47,35
2.0,canon,2,24,7200,0.996609,-0.905444,0.04113207,0.25916549,-0.20926569,36,35
2.0,canon,2,25,7500,0.996908,-0.905596,0.00037911,0.31531962,-0.31227921,46,35
2.0,canon,2,26,7800,0.996114,-0.905191,0.12127431,0.39338462,-0.26079023,29,35
2.0,canon,2,27,8100,0.996949,-0.905616,0.00306927,0.29798030,-0.29447490,44,35
2.0,canon,2,28,8400,0.996243,-0.905257,0.02361859,0.31155061,-0.28755132,39,35
2.0,canon,2,29,8700,0.996746,-0.905513,-0.00387496,0.26583474,-0.27163023,46,35
2.0,canon,3,0,0,0.836016,-0.773984,0.42017021,0.44384764,-0.15412834,2,38
2.0,canon,3,1,300,0.987193,-0.900521,0.61494109,0.82712864,-0.33990290,10,38
2.0,canon,3,2,600,0.997194,-0.905741,0.15707749,0.62100496,-0.51810266,28,38
2.0,canon,3,3,900,0.997537,-0.905914,0.16638184,0.63547170,-0.41472949,33,38
2.0,canon,3,4,1200,0.995044,-0.904644,0.05631327,0.38559268,-0.31364930,37,38
2.0,canon,3,5,1500,0.996802,-0.905542,0.02439881,0.32166203,-0.30959191,37,38
2.0,canon,3,6,1800,0.996801,-0.905541,0.14325927,0.37898466,-0.30099242,22,38
2.0,canon,3,7,2100,0.995668,-0.904964,-0.00591009,0.29502529,-0.30178165,48,38
2.0,canon,3,8,2400,0.996645,-0.905462,0.01217856,0.29597906,-0.26684646,48,38
2.0,canon,3,9,2700,0.995942,-0.905104,-0.00472936,0.34953998,-0.35191330,50,38
2.0,canon,3,10,3000,0.996739,-0.905510,0.01799404,0.36192821,-0.34743602,40,38
2.0,canon,3,11,3300,0.995910,-0.905087,-0.00023374,0.28471589,-0.27948439,50,38
2.0,canon,3,12,3600,0.996922,-0.905603,0.00171261,0.36260573,-0.39563747,38,38
2.0,canon,3,13,3900,0.996439,-0.905357,0.07279447,0.37181566,-0.27880187,35,38
2.0,canon,3,14,4200,0.995810,-0.905036,-0.00329338,0.39270901,-0.39263227,48,38
2.0,canon,3,15,4500,0.996875,-0.905579,0.09250134,0.47273619,-0.31842083,39,38
2.0,canon,3,16,4800,0.996091,-0.905180,-0.00535601,0.45750316,-0.46042668,48,38
2.0,canon,3,17,5100,0.996757,-0.905519,0.04149831,0.42072697,-0.33773036,45,38
2.0,canon,3,18,5400,0.996419,-0.905347,-0.00206201,0.34096447,-0.36097065,41,38
2.0,canon,3,19,5700,0.996976,-0.905630,0.02087301,0.35858258,-0.33247255,41,38
2.0,canon,3,20,6000,0.995273,-0.904761,0.01621557,0.36286503,-0.34153351,42,38
2.0,canon,3,21,6300,0.997470,-0.905880,0.00884269,0.41732645,-0.40328825,44,38
2.0,canon,3,22,6600,0.996966,-0.905625,0.08532933,0.40959932,-0.31637828,33,38
2.0,canon,3,23,6900,0.995965,-0.905115,-0.00216638,0.38980841,-0.38754543,48,38
2.0,canon,3,24,7200,0.997415,-0.905853,0.06705161,0.42869513,-0.32377877,39,38
2.0,canon,3,25,7500,0.995896,-0.905080,0.03547824,0.34076480,-0.26980832,45,38
2.0,canon,3,26,7800,0.996649,-0.905464,0.01064240,0.30068401,-0.30869884,38,38
2.0,canon,3,27,8100,0.996127,-0.905198,0.08504439,0.37822054,-0.32659828,29,38
2.0,canon,3,28,8400,0.996866,-0.905574,0.00039298,0.31223252,-0.31144655,45,38
2.0,canon,3,29,8700,0.995914,-0.905089,0.09534412,0.34701338,-0.28503271,27,38
2.0,canon,4,0,0,0.840424,-0.779263,0.36393046,0.49830697,-0.31385876,9,35
2.0,canon,4,1,300,0.991364,-0.902734,0.53684737,0.82675620,-0.44207557,13,35
2.0,canon,4,2,600,0.996655,-0.905467,0.01913814,0.33061389,-0.32380248,38,35
2.0,canon,4,3,900,0.996455,-0.905365,0.00699335,0.25651254,-0.24475368,44,35
2.0,canon,4,4,1200,0.995662,-0.904961,-0.00767377,0.35702854,-0.36537099,49,35
2.0,canon,4,5,1500,0.997478,-0.905885,0.00129629,0.34930362,-0.34085515,48,35
2.0,canon,4,6,1800,0.997453,-0.905872,0.03153347,0.33857114,-0.30652073,38,35
2.0,canon,4,7,2100,0.996199,-0.905235,0.04459316,0.34127989,-0.26583021,41,35
2.0,canon,4,8,2400,0.996623,-0.905451,-0.00184948,0.31320912,-0.31085652,49,35
2.0,canon,4,9,2700,0.996334,-0.905304,0.12729749,0.39182022,-0.27250627,27,35
2.0,canon,4,10,3000,0.996925,-0.905604,0.00578055,0.25930361,-0.24590539,46,35
2.0,canon,4,11,3300,0.996362,-0.905318,0.02125479,0.26990373,-0.26430298,36,35
2.0,canon,4,12,3600,0.995614,-0.904936,0.01067440,0.27664161,-0.25766752,44,35
2.0,canon,4,13,3900,0.996940,-0.905612,-0.00315494,0.34624953,-0.34807088,47,35
2.0,canon,4,14,4200,0.995859,-0.905061,0.00506841,0.28434214,-0.27218160,46,35
2.0,canon,4,15,4500,0.997365,-0.905827,0.01411936,0.26799040,-0.23649039,47,35
2.0,canon,4,16,4800,0.996877,-0.905580,0.00126110,0.29108388,-0.28299486,49,35
2.0,canon,4,17,5100,0.996445,-0.905360,0.01362556,0.29139956,-0.25881305,49,35
2.0,canon,4,18,5400,0.996366,-0.905320,0.02976606,0.31847930,-0.27699177,40,35
2.0,canon,4,19,5700,0.996224,-0.905247,0.02967014,0.29591062,-0.24178434,43,35
2.0,canon,4,20,6000,0.997239,-0.905764,0.00875487,0.27988462,-0.27105637,42,35
2.0,canon,4,21,6300,0.996346,-0.905310,0.03623545,0.37863718,-0.30176772,47,35
2.0,canon,4,22,6600,0.997279,-0.905784,0.00641472,0.34299654,-0.33016710,45,35
2.0,canon,4,23,6900,0.996204,-0.905237,0.03385628,0.38169787,-0.30951687,47,35
2.0,canon,4,24,7200,0.996041,-0.905154,-0.00050030,0.22378273,-0.22047537,49,35
2.0,canon,4,25,7500,0.996435,-0.905355,-0.00536857,0.30017555,-0.30577133,48,35
2.0,canon,4,26,7800,0.997462,-0.905877,-0.00104883,0.31036720,-0.30648328,49,35
2.0,canon,4,27,8100,0.996523,-0.905400,0.06763794,0.34519780,-0.27620488,33,35
2.0,canon,4,28,8400,0.995897,-0.905080,-0.00123268,0.32787357,-0.32480110,48,35
2.0,canon,4,29,8700,0.996574,-0.905426,-0.00651575,0.24673742,-0.25550746,48,35
2.0,canon,5,0,0,0.844840,-0.784437,0.38354469,0.46675321,-0.26353435,6,38
2.0,canon,5,1,300,0.986936,-0.900383,0.62591718,0.83562598,-0.43184476,9,38
2.0,canon,5,2,600,0.997462,-0.905877,0.11564695,0.50340626,-0.44868132,28,38
2.0,canon,5,3,900,0.996980,-0.905632,0.18113412,0.56468894,-0.35740739,29,38
2.0,canon,5,4,1200,0.996667,-0.905473,-0.00180807,0.35311386,-0.35075775,48,38
2.0,canon,5,5,1500,0.996948,-0.905616,0.02618259,0.35966459,-0.36593361,35,38
2.0,canon,5,6,1800,0.997243,-0.905766,0.11219188,0.45462267,-0.32434444,32,38
2.0,canon,5,7,2100,0.995306,-0.904778,0.02622993,0.44733508,-0.39863508,44,38
2.0,canon,5,8,2400,0.998447,-0.906374,0.06183244,0.44980894,-0.32116002,47,38
2.0,canon,5,9,2700,0.995258,-0.904753,0.38510294,0.62735362,-0.31314902,15,38
2.0,canon,5,10,3000,0.997637,-0.905965,0.13266045,0.43269345,-0.35939368,25,38
2.0,canon,5,11,3300,0.996485,-0.905381,0.15402967,0.51684274,-0.33835949,30,38
2.0,canon,5,12,3600,0.996030,-0.905148,0.01826543,0.35412036,-0.36744296,36,38
2.0,canon,5,13,3900,0.996957,-0.905620,0.02245748,0.34792011,-0.30591106,44,38
2.0,canon,5,14,4200,0.995901,-0.905083,0.00255204,0.36574555,-0.36064147,45,38
2.0,canon,5,15,4500,0.997273,-0.905781,-0.00356834,0.34814808,-0.34852911,49,38
2.0,canon,5,16,4800,0.996092,-0.905180,0.03872326,0.36546726,-0.30844225,40,38
2.0,canon,5,17,5100,0.996482,-0.905379,0.02644713,0.39692348,-0.33779525,48,38
2.0,canon,5,18,5400,0.997233,-0.905761,-0.00212980,0.32290017,-0.32715977,45,38
2.0,canon,5,19,5700,0.995624,-0.904941,0.09650467,0.37328726,-0.29212014,29,38
2.0,canon,5,20,6000,0.996723,-0.905501,0.02031899,0.31067038,-0.27003241,45,38
2.0,canon,5,21,6300,0.996673,-0.905476,0.02902191,0.36232999,-0.31971838,41,38
2.0,canon,5,22,6600,0.997058,-0.905672,-0.00674958,0.28362854,-0.29132014,50,38
2.0,canon,5,23,6900,0.995882,-0.905073,0.05452202,0.34511658,-0.27197612,37,38
2.0,canon,5,24,7200,0.997434,-0.905862,0.04589138,0.40212093,-0.36321599,36,38
2.0,canon,5,25,7500,0.996547,-0.905412,0.12728003,0.42192775,-0.25993585,31,38
2.0,canon,5,26,7800,0.996275,-0.905273,0.00319539,0.38374810,-0.37459969,46,38
2.0,canon,5,27,8100,0.996160,-0.905215,0.05054625,0.38636467,-0.31919610,38,38
2.0,canon,5,28,8400,0.996151,-0.905210,-0.00309982,0.32915849,-0.33295047,46,38
2.0,canon,5,29,8700,0.995495,-0.904875,0.04404795,0.34764749,-0.27852655,40,38
2.0,canon,6,0,0,0.841403,-0.780419,0.33496906,0.49971820,-0.13989613,15,36
2.0,canon,6,1,300,0.987713,-0.900800,0.50893975,0.82673100,-0.40704679,15,36
2.0,canon,6,2,600,0.996981,-0.905633,0.19491171,0.62965129,-0.55015186,24,36
2.0,canon,6,3,900,0.995727,-0.904994,0.35817493,0.77723085,-0.47311685,21,36
2.0,canon,6,4,1200,0.995774,-0.905018,0.05714867,0.55583203,-0.50314807,37,36
2.0,canon,6,5,1500,0.997470,-0.905881,0.11137464,0.59374530,-0.43059395,37,36
2.0,canon,6,6,1800,0.995659,-0.904959,0.05896872,0.46203349,-0.40392597,36,36
2.0,canon,6,7,2100,0.997873,-0.906085,0.05768626,0.39300114,-0.35770381,33,36
2.0,canon,6,8,2400,0.995165,-0.904706,0.22614385,0.51567210,-0.31950555,22,36
2.0,canon,6,9,2700,0.996138,-0.905204,0.03696160,0.33837313,-0.27410104,42,36
2.0,canon,6,10,3000,0.996149,-0.905209,0.01106245,0.33260171,-0.32536412,41,36
2.0,canon,6,11,3300,0.995594,-0.904925,0.04917015,0.29888766,-0.25195979,34,36
2.0,canon,6,12,3600,0.996606,-0.905442,-0.00533410,0.33160085,-0.33659948,48,36
2.0,canon,6,13,3900,0.996123,-0.905196,0.09696942,0.39336049,-0.28087470,32,36
2.0,canon,6,14,4200,0.996748,-0.905514,0.00726804,0.34273936,-0.36209215,38,36
2.0,canon,6,15,4500,0.996749,-0.905515,0.06941397,0.37459747,-0.30864917,33,36
2.0,canon,6,16,4800,0.995746,-0.905003,0.00210293,0.34430726,-0.33570536,47,36
2.0,canon,6,17,5100,0.997297,-0.905793,0.01021197,0.42775490,-0.40196710,47,36
2.0,canon,6,18,5400,0.995750,-0.905006,0.03306930,0.33760586,-0.29604525,39,36
2.0,canon,6,19,5700,0.996998,-0.905642,-0.00689141,0.27685208,-0.28586037,48,36
2.0,canon,6,20,6000,0.995877,-0.905070,0.02077077,0.45076501,-0.41764442,43,36
2.0,canon,6,21,6300,0.997061,-0.905673,0.02356177,0.42768988,-0.39927753,41,36
2.0,canon,6,22,6600,0.995954,-0.905110,0.03684493,0.35974586,-0.30623732,40,36
2.0,canon,6,23,6900,0.996233,-0.905252,-0.00241530,0.29464376,-0.29353317,50,36
2.0,canon,6,24,7200,0.996648,-0.905463,0.00930410,0.35364461,-0.33811087,44,36
2.0,canon,6,25,7500,0.996457,-0.905366,0.00620058,0.33860730,-0.32620614,45,36
2.0,canon,6,26,7800,0.996398,-0.905336,0.00305822,0.36534636,-0.36246464,44,36
2.0,canon,6,27,8100,0.997035,-0.905660,0.06791162,0.45209708,-0.31348988,46,36
2.0,canon,6,28,8400,0.996499,-0.905388,-0.00364762,0.32661825,-0.32756984,49,36
2.0,canon,6,29,8700,0.996860,-0.905571,0.00028959,0.32281011,-0.32223093,45,36
2.0,canon,7,0,0,0.848064,-0.788143,0.38202787,0.46839906,-0.18834036,7,36
2.0,canon,7,1,300,0.989920,-0.901974,0.67691687,0.79383490,-0.42457405,5,36
2.0,canon,7,2,600,0.996189,-0.905230,0.05500298,0.40708101,-0.36956170,34,36
2.0,canon,7,3,900,0.997053,-0.905669,0.09167869,0.47111211,-0.35446830,35,36
2.0,canon,7,4,1200,0.995647,-0.904953,0.01189633,0.38425493,-0.35419661,48,36
2.0,canon,7,5,1500,0.997450,-0.905870,0.00196393,0.35284915,-0.34218160,49,36
2.0,canon,7,6,1800,0.997270,-0.905779,0.07049486,0.38860397,-0.32358061,33,36
2.0,canon,7,7,2100,0.996206,-0.905238,-0.00652104,0.30303723,-0.31013342,49,36
2.0,canon,7,8,2400,0.996286,-0.905279,0.02250435,0.35416093,-0.31564734,43,36
2.0,canon,7,9,2700,0.995915,-0.905090,-0.00426138,0.22282274,-0.23134550,45,36
2.0,canon,7,10,3000,0.996565,-0.905421,0.00023199,0.30945811,-0.30675336,46,36
2.0,canon,7,11,3300,0.996785,-0.905533,0.01349434,0.31087346,-0.28172985,46,36
2.0,canon,7,12,3600,0.996637,-0.905458,0.00661509,0.27765576,-0.25986479,48,36
2.0,canon,7,13,3900,0.995448,-0.904851,-0.00227177,0.32529123,-0.34032325,42,36
2.0,canon,7,14,4200,0.997189,-0.905738,-0.00202429,0.33981006,-0.34385863,45,36
2.0,canon,7,15,4500,0.996410,-0.905342,0.05009570,0.39205405,-0.32640683,38,36
2.0,canon,7,16,4800,0.996359,-0.905316,0.00363287,0.28459154,-0.27192924,49,36
2.0,canon,7,17,5100,0.996396,-0.905335,0.01515506,0.30679918,-0.27437569,46,36
2.0,canon,7,18,5400,0.995315,-0.904783,0.00368635,0.33292768,-0.32555498,45,36
2.0,canon,7,19,5700,0.997843,-0.906069,0.01025233,0.31604809,-0.32022305,39,36
2.0,canon,7,20,6000,0.996609,-0.905444,0.15360464,0.36732289,-0.27035364,21,36
2.0,canon,7,21,6300,0.996768,-0.905525,0.02502613,0.33859821,-0.30306437,41,36
2.0,canon,7,22,6600,0.997149,-0.905718,0.04118604,0.35094954,-0.34255084,33,36
2.0,canon,7,23,6900,0.996034,-0.905151,0.01144808,0.26385688,-0.23771821,47,36
2.0,canon,7,24,7200,0.996520,-0.905398,0.01186501,0.32880983,-0.30278311,46,36
2.0,canon,7,25,7500,0.996379,-0.905326,0.03792739,0.29697087,-0.26666218,35,36
2.0,canon,7,26,7800,0.996959,-0.905621,-0.00119421,0.27120533,-0.27161984,46,36
2.0,canon,7,27,8100,0.996421,-0.905348,0.01491048,0.27788273,-0.24301069,49,36
2.0,canon,7,28,8400,0.996121,-0.905195,-0.00324008,0.26246238,-0.26383900,49,36
2.0,canon,7,29,8700,0.996785,-0.905533,-0.00073697,0.28710440,-0.28649253,46,36
2.0,canon,8,0,0,0.857110,-0.798227,0.41691108,0.44574796,-0.28253035,2,34
2.0,canon,8,1,300,0.988555,-0.901249,0.66566583,0.83528646,-0.45445562,7,34
2.0,canon,8,2,600,0.997077,-0.905682,0.15439239,0.50391587,-0.44462646,24,34
2.0,canon,8,3,900,0.997662,-0.905978,0.17614626,0.57069580,-0.39806425,28,34
2.0,canon,8,4,1200,0.995323,-0.904787,0.08991560,0.47034114,-0.32894003,38,34
2.0,canon,8,5,1500,0.996997,-0.905641,0.01850563,0.35451684,-0.35144898,38,34
2.0,canon,8,6,1800,0.996821,-0.905551,0.12441962,0.43590470,-0.36547323,26,34
2.0,canon,8,7,2100,0.995643,-0.904951,0.02086424,0.33173555,-0.28775437,46,34
2.0,canon,8,8,2400,0.997629,-0.905961,0.01171199,0.38421526,-0.35334121,50,34
2.0,canon,8,9,2700,0.996251,-0.905261,0.04047493,0.32439985,-0.27852953,37,34
2.0,canon,8,10,3000,0.996338,-0.905306,0.00347205,0.25594585,-0.26069132,41,34
2.0,canon,8,11,3300,0.996994,-0.905639,-0.00570749,0.32159940,-0.32750681,48,34
2.0,canon,8,12,3600,0.995868,-0.905066,0.02443638,0.29987971,-0.25346627,44,34
2.0,canon,8,13,3900,0.997563,-0.905928,0.05557458,0.40732692,-0.33963751,37,34
2.0,canon,8,14,4200,0.996856,-0.905569,0.19206832,0.47386691,-0.31376891,23,34
2.0,canon,8,15,4500,0.996618,-0.905448,0.00148105,0.34224519,-0.34232563,44,34
2.0,canon,8,16,4800,0.996581,-0.905429,0.01012418,0.29522072,-0.27290644,46,34
2.0,canon,8,17,5100,0.996624,-0.905451,-0.00157365,0.33107221,-0.32756659,50,34
2.0,canon,8,18,5400,0.996640,-0.905459,0.02035442,0.31253942,-0.29541172,39,34
2.0,canon,8,19,5700,0.996095,-0.905181,-0.00058538,0.31645428,-0.33230402,41,34
2.0,canon,8,20,6000,0.996668,-0.905474,0.03036436,0.28164660,-0.28092558,33,34
2.0,canon,8,21,6300,0.995748,-0.905005,0.02032148,0.30033705,-0.26517787,43,34
2.0,canon,8,22,6600,0.996461,-0.905368,-0.00725328,0.26434788,-0.27536538,47,34
2.0,canon,8,23,6900,0.996618,-0.905448,0.01305560,0.29524136,-0.26550513,47,34
2.0,canon,8,24,7200,0.996657,-0.905468,-0.00319546,0.35659634,-0.35607649,49,34
2.0,canon,8,25,7500,0.996691,-0.905485,0.00525156,0.30668616,-0.29039318,49,34
2.0,canon,8,26,7800,0.996257,-0.905264,-0.00426292,0.27588247,-0.27880540,50,34
2.0,canon,8,27,8100,0.996435,-0.905355,-0.00590097,0.29244345,-0.30208348,46,34
2.0,canon,8,28,8400,0.996578,-0.905428,0.00672414,0.29062422,-0.27511870,46,34
2.0,canon,8,29,8700,0.996663,-0.905471,0.01082721,0.31798263,-0.29238242,47,34
2.0,canon,9,0,0,0.854615,-0.795491,0.38685105,0.51369966,-0.33942616,8,33
2.0,canon,9,1,300,0.991701,-0.902911,0.60264250,0.79975752,-0.39159701,9,33
2.0,canon,9,2,600,0.997076,-0.905681,0.10958699,0.49197567,-0.49182058,26,33
2.0,canon,9,3,900,0.997767,-0.906031,0.11495972,0.56243825,-0.45549315,32,33
2.0,canon,9,4,1200,0.995437,-0.904845,0.01458604,0.49395112,-0.46905908,44,33
2.0,canon,9,5,1500,0.997992,-0.906145,0.06451209,0.48217169,-0.35687661,44,33
2.0,canon,9,6,1800,0.995571,-0.904914,0.27988668,0.53760093,-0.29130455,19,33
2.0,canon,9,7,2100,0.996981,-0.905633,0.03376894,0.37422847,-0.32245391,41,33
2.0,canon,9,8,2400,0.996788,-0.905535,0.06501843,0.40107166,-0.30498245,38,33
2.0,canon,9,9,2700,0.996399,-0.905337,0.03819975,0.34818142,-0.28613411,41,33
2.0,canon,9,10,3000,0.997791,-0.906043,0.04062804,0.39772652,-0.36947724,36,33
2.0,canon,9,11,3300,0.995468,-0.904861,0.22304045,0.49756695,-0.29433643,22,33
2.0,canon,9,12,3600,0.997155,-0.905721,0.05273751,0.36446341,-0.30526022,36,33
2.0,canon,9,13,3900,0.995413,-0.904833,0.11230041,0.41778772,-0.28916048,31,33
2.0,canon,9,14,4200,0.997061,-0.905673,0.00629754,0.34173674,-0.33571085,43,33
2.0,canon,9,15,4500,0.996517,-0.905397,0.12959699,0.36883953,-0.26276078,25,33
2.0,canon,9,16,4800,0.996767,-0.905524,0.01332160,0.36288088,-0.35808514,40,33
2.0,canon,9,17,5100,0.996137,-0.905203,0.13787859,0.38855814,-0.31209898,23,33
2.0,canon,9,18,5400,0.995681,-0.904970,0.00106830,0.30409191,-0.30195532,45,33
2.0,canon,9,19,5700,0.996845,-0.905563,-0.00622754,0.35163840,-0.35807170,48,33
2.0,canon,9,20,6000,0.995957,-0.905111,0.02567405,0.35114772,-0.31022118,42,33
2.0,canon,9,21,6300,0.995936,-0.905101,-0.00567393,0.24809727,-0.25436971,50,33
2.0,canon,9,22,6600,0.996360,-0.905317,-0.00514677,0.31419731,-0.32038848,47,33
2.0,canon,9,23,6900,0.996154,-0.905212,-0.00015819,0.42117935,-0.41306898,50,33
2.0,canon,9,24,7200,0.997134,-0.905710,0.04542372,0.39903238,-0.33672335,39,33
2.0,canon,9,25,7500,0.996314,-0.905294,0.06871618,0.40610254,-0.31035498,37,33
2.0,canon,9,26,7800,0.997997,-0.906147,0.08247471,0.39242531,-0.30149394,33,33
2.0,canon,9,27,8100,0.995870,-0.905067,0.24033505,0.43378351,-0.18841911,19,33
2.0,canon,9,28,8400,0.996512,-0.905394,0.00765904,0.34045106,-0.32513297,45,33
2.0,canon,9,29,8700,0.997528,-0.905910,0.03634739,0.42791596,-0.36288960,43,33
2.0,repli,3071,0,0,0.853314,-0.794051,0.43654077,0.51866394,-0.33714591,5,35
2.0,repli,3071,1,300,0.985515,-0.899615,0.62351190,0.81097972,-0.44984330,8,35
2.0,repli,3071,2,600,0.997731,-0.906013,0.17283987,0.64012361,-0.56208767,26,35
2.0,repli,3071,3,900,0.995759,-0.905010,0.28751491,0.72506580,-0.46236673,24,35
2.0,repli,3071,4,1200,0.996429,-0.905352,0.00852209,0.44288430,-0.42269257,46,35
2.0,repli,3071,5,1500,0.997207,-0.905747,0.01715024,0.35376659,-0.31380189,48,35
2.0,repli,3071,6,1800,0.995941,-0.905103,-0.00106410,0.35166345,-0.34785633,48,35
2.0,repli,3071,7,2100,0.997494,-0.905893,0.03445175,0.44917565,-0.42216701,38,35
2.0,repli,3071,8,2400,0.996513,-0.905395,0.04845524,0.38145923,-0.31142423,39,35
2.0,repli,3071,9,2700,0.996685,-0.905482,0.00141864,0.30115276,-0.29232080,50,35
2.0,repli,3071,10,3000,0.995886,-0.905075,0.03076495,0.34478039,-0.28940011,43,35
2.0,repli,3071,11,3300,0.997596,-0.905945,0.05638780,0.40950879,-0.39377655,32,35
2.0,repli,3071,12,3600,0.996523,-0.905400,0.30724921,0.55019106,-0.34457243,16,35
2.0,repli,3071,13,3900,0.996488,-0.905382,0.04477380,0.35095365,-0.31523986,35,35
2.0,repli,3071,14,4200,0.996345,-0.905309,0.09215597,0.33815123,-0.27964507,27,35
2.0,repli,3071,15,4500,0.995332,-0.904791,0.03833124,0.41484834,-0.33334902,47,35
2.0,repli,3071,16,4800,0.997318,-0.905804,0.01996231,0.36636141,-0.33752840,42,35
2.0,repli,3071,17,5100,0.996538,-0.905407,0.05691603,0.36936870,-0.28710021,38,35
2.0,repli,3071,18,5400,0.995532,-0.904894,-0.00157754,0.26999139,-0.26793027,49,35
2.0,repli,3071,19,5700,0.998288,-0.906294,0.06587448,0.39755702,-0.28116500,41,35
2.0,repli,3071,20,6000,0.995672,-0.904966,0.22674644,0.60507876,-0.39371857,25,35
2.0,repli,3071,21,6300,0.997794,-0.906045,0.06088046,0.34055820,-0.29565725,32,35
2.0,repli,3071,22,6600,0.997589,-0.905941,0.09000923,0.34889286,-0.27348400,29,35
2.0,repli,3071,23,6900,0.995639,-0.904949,0.02423505,0.37189668,-0.32342657,45,35
2.0,repli,3071,24,7200,0.997376,-0.905833,0.00918320,0.33960324,-0.31884250,46,35
2.0,repli,3071,25,7500,0.996408,-0.905341,0.01395192,0.36123989,-0.32666546,49,35
2.0,repli,3071,26,7800,0.998060,-0.906179,0.04799790,0.40013745,-0.30158993,46,35
2.0,repli,3071,27,8100,0.995376,-0.904814,0.24329932,0.48304285,-0.25866371,20,35
2.0,repli,3071,28,8400,0.997311,-0.905800,0.06051278,0.38774863,-0.31529714,36,35
2.0,repli,3071,29,8700,0.996637,-0.905458,0.07487601,0.37635859,-0.28867652,34,35
2.0,repli,3072,0,0,0.852121,-0.792723,0.36068050,0.49231238,-0.23166294,10,35
2.0,repli,3072,1,300,0.989798,-0.901909,0.59742804,0.76612202,-0.25345698,9,35
2.0,repli,3072,2,600,0.996079,-0.905174,0.06358815,0.37646973,-0.36103684,30,35
2.0,repli,3072,3,900,0.996967,-0.905626,0.00627455,0.31993620,-0.31743046,42,35
2.0,repli,3072,4,1200,0.996258,-0.905265,0.06621230,0.38315299,-0.30645422,35,35
2.0,repli,3072,5,1500,0.996294,-0.905283,0.01022255,0.27027763,-0.26608596,40,35
2.0,repli,3072,6,1800,0.996498,-0.905387,0.08661133,0.34806380,-0.24669250,32,35
2.0,repli,3072,7,2100,0.996178,-0.905224,0.00456400,0.28404297,-0.28386380,42,35
2.0,repli,3072,8,2400,0.997357,-0.905824,0.00433268,0.28261004,-0.27939441,43,35
2.0,repli,3072,9,2700,0.996417,-0.905346,0.09243740,0.36569522,-0.21458201,37,35
2.0,repli,3072,10,3000,0.996562,-0.905420,0.00834516,0.29140113,-0.28025412,43,35
2.0,repli,3072,11,3300,0.996505,-0.905390,0.03447434,0.34173107,-0.32680555,35,35
2.0,repli,3072,12,3600,0.996354,-0.905314,-0.00594729,0.26784205,-0.27512961,48,35
2.0,repli,3072,13,3900,0.996441,-0.905358,-0.00167159,0.29040286,-0.28883133,48,35
2.0,repli,3072,14,4200,0.996544,-0.905411,0.01370882,0.25695870,-0.22954105,45,35
2.0,repli,3072,15,4500,0.996349,-0.905311,-0.00345996,0.29033903,-0.29512997,46,35
2.0,repli,3072,16,4800,0.996488,-0.905382,0.01504014,0.34390439,-0.30724683,50,35
2.0,repli,3072,17,5100,0.996249,-0.905260,0.07873909,0.32649178,-0.23710006,32,35
2.0,repli,3072,18,5400,0.997106,-0.905696,0.01064955,0.30111766,-0.28911928,42,35
2.0,repli,3072,19,5700,0.995995,-0.905131,0.01682628,0.29566000,-0.25665169,49,35
2.0,repli,3072,20,6000,0.995875,-0.905069,0.05119542,0.26559185,-0.21440015,33,35
2.0,repli,3072,21,6300,0.997078,-0.905682,0.02565786,0.35368518,-0.31287280,42,35
2.0,repli,3072,22,6600,0.996591,-0.905435,0.07507003,0.37741373,-0.26462888,37,35
2.0,repli,3072,23,6900,0.996121,-0.905195,0.02877682,0.27756116,-0.24008595,39,35
2.0,repli,3072,24,7200,0.995843,-0.905053,0.03688625,0.38358604,-0.30981353,45,35
2.0,repli,3072,25,7500,0.996640,-0.905459,0.00949519,0.33588526,-0.31980909,44,35
2.0,repli,3072,26,7800,0.997016,-0.905651,0.08785162,0.35834223,-0.33756658,26,35
2.0,repli,3072,27,8100,0.996691,-0.905486,0.00368326,0.27676457,-0.26939804,45,35
2.0,repli,3072,28,8400,0.997064,-0.905675,0.04191600,0.29809445,-0.23027360,40,35
2.0,repli,3072,29,8700,0.996124,-0.905197,-0.00628544,0.28233176,-0.29119499,47,35
2.0,repli,3073,0,0,0.828794,-0.765083,0.36213728,0.45274363,-0.15663333,8,39
2.0,repli,3073,1,300,0.987157,-0.900501,0.58972876,0.78655430,-0.40305063,9,39
2.0,repli,3073,2,600,0.996678,-0.905479,0.20461903,0.68916062,-0.47571596,29,39
2.0,repli,3073,3,900,0.994580,-0.904405,0.40363013,0.75384957,-0.47477286,17,39
2.0,repli,3073,4,1200,0.995963,-0.905114,0.02001031,0.51876196,-0.47233424,47,39
2.0,repli,3073,5,1500,0.997691,-0.905992,0.00604051,0.46003825,-0.44031785,48,39
2.0,repli,3073,6,1800,0.995825,-0.905044,0.11061776,0.41489175,-0.30232551,30,39
2.0,repli,3073,7,2100,0.997490,-0.905891,0.04717186,0.32891802,-0.32308922,31,39
2.0,repli,3073,8,2400,0.995681,-0.904970,0.16711669,0.41367733,-0.32199183,21,39
2.0,repli,3073,9,2700,0.997133,-0.905710,0.03836448,0.40207572,-0.42530049,32,39
2.0,repli,3073,10,3000,0.996018,-0.905142,0.15803275,0.44427839,-0.33253956,24,39
2.0,repli,3073,11,3300,0.996323,-0.905298,0.01523303,0.36258339,-0.36015064,39,39
2.0,repli,3073,12,3600,0.998465,-0.906383,0.07209969,0.50232986,-0.42199277,36,39
2.0,repli,3073,13,3900,0.995777,-0.905019,0.21443996,0.48574506,-0.27256113,23,39
2.0,repli,3073,14,4200,0.998302,-0.906301,0.17274648,0.51091871,-0.53530165,20,39
2.0,repli,3073,15,4500,0.995440,-0.904847,0.35580560,0.61299665,-0.38550975,15,39
2.0,repli,3073,16,4800,0.995881,-0.905072,0.01939979,0.45155864,-0.43276808,41,39
2.0,repli,3073,17,5100,0.997244,-0.905766,0.08209200,0.45518374,-0.32868897,38,39
2.0,repli,3073,18,5400,0.995970,-0.905118,0.04005912,0.46610331,-0.38289780,46,39
2.0,repli,3073,19,5700,0.996784,-0.905532,0.00392674,0.33274763,-0.31831772,50,39
2.0,repli,3073,20,6000,0.995065,-0.904655,0.18588424,0.41899770,-0.30219707,20,39
2.0,repli,3073,21,6300,0.997352,-0.905821,0.04884805,0.34887714,-0.30393342,35,39
2.0,repli,3073,22,6600,0.995786,-0.905024,0.17493723,0.46946513,-0.30808851,25,39
2.0,repli,3073,23,6900,0.997326,-0.905808,0.03953163,0.42124246,-0.37298561,39,39
2.0,repli,3073,24,7200,0.997059,-0.905672,0.20365946,0.48008225,-0.44694541,18,39
2.0,repli,3073,25,7500,0.995610,-0.904934,0.01312199,0.31364425,-0.29702290,42,39
2.0,repli,3073,26,7800,0.996821,-0.905551,0.01253777,0.34704765,-0.31954811,46,39
2.0,repli,3073,27,8100,0.996178,-0.905224,0.05303199,0.39657517,-0.31823724,39,39
2.0,repli,3073,28,8400,0.996577,-0.905427,0.03360198,0.45797247,-0.46538309,35,39
2.0,repli,3073,29,8700,0.997862,-0.906079,0.06027342,0.53066549,-0.40407587,47,39
2.0,repli,3074,0,0,0.857100,-0.798216,0.44832211,0.50237831,-0.41713428,3,34
2.0,repli,3074,1,300,0.987954,-0.900928,0.67773317,0.81380585,-0.60421472,5,34
2.0,repli,3074,2,600,0.997373,-0.905831,0.15670515,0.51614630,-0.40861135,26,34
2.0,repli,3074,3,900,0.996031,-0.905149,0.23357094,0.57547982,-0.35239790,24,34
2.0,repli,3074,4,1200,0.996379,-0.905326,0.00961761,0.35946556,-0.39216089,36,34
2.0,repli,3074,5,1500,0.997381,-0.905836,-0.00076239,0.38304950,-0.38457429,45,34
2.0,repli,3074,6,1800,0.995881,-0.905072,0.04970926,0.36713211,-0.30693185,37,34
2.0,repli,3074,7,2100,0.997594,-0.905943,0.08906885,0.41354846,-0.31289843,33,34
2.0,repli,3074,8,2400,0.996238,-0.905255,0.28220086,0.44892084,-0.28075546,13,34
2.0,repli,3074,9,2700,0.995986,-0.905126,0.01008168,0.41576487,-0.42095671,40,34
2.0,repli,3074,10,3000,0.997301,-0.905795,0.03418290,0.45282620,-0.38819828,44,34
2.0,repli,3074,11,3300,0.996070,-0.905169,0.00912223,0.33681425,-0.31227559,49,34
2.0,repli,3074,12,3600,0.996557,-0.905417,-0.00544472,0.32370756,-0.32827474,49,34
2.0,repli,3074,13,3900,0.996415,-0.905345,0.02419620,0.36871084,-0.32031843,45,34
2.0,repli,3074,14,4200,0.996520,-0.905399,-0.00548768,0.29216055,-0.30313591,45,34
2.0,repli,3074,15,4500,0.996675,-0.905477,0.02192810,0.34095702,-0.31704012,40,34
2.0,repli,3074,16,4800,0.995991,-0.905129,0.00510215,0.41990725,-0.42298489,42,34
2.0,repli,3074,17,5100,0.997467,-0.905879,0.01425897,0.39962766,-0.37110971,45,34
2.0,repli,3074,18,5400,0.996028,-0.905148,0.04780831,0.40203724,-0.34220436,38,34
2.0,repli,3074,19,5700,0.996435,-0.905355,-0.00415192,0.29521051,-0.30351435,45,34
2.0,repli,3074,20,6000,0.996537,-0.905407,0.04705691,0.30498219,-0.31509072,29,34
2.0,repli,3074,21,6300,0.995399,-0.904826,0.02563473,0.28811888,-0.25803351,39,34
2.0,repli,3074,22,6600,0.997096,-0.905691,0.00876307,0.35584883,-0.34142166,44,34
2.0,repli,3074,23,6900,0.996312,-0.905292,0.11331925,0.35536783,-0.21517526,30,34
2.0,repli,3074,24,7200,0.996921,-0.905602,0.05165861,0.31518204,-0.30598033,30,34
2.0,repli,3074,25,7500,0.996808,-0.905545,0.09852589,0.33870498,-0.25102046,28,34
2.0,repli,3074,26,7800,0.996188,-0.905229,0.00976811,0.26107274,-0.26181835,39,34
2.0,repli,3074,27,8100,0.996724,-0.905502,0.00808568,0.33588056,-0.31970919,45,34
2.0,repli,3074,28,8400,0.997186,-0.905737,0.00966175,0.37102129,-0.35492422,44,34
2.0,repli,3074,29,8700,0.995549,-0.904902,0.00502860,0.31283806,-0.29760137,48,34
2.0,repli,3075,0,0,0.846664,-0.786541,0.44513368,0.50050548,-0.21327167,4,35
2.0,repli,3075,1,300,0.986575,-0.900188,0.57775094,0.81638353,-0.30220673,12,35
2.0,repli,3075,2,600,0.996872,-0.905577,0.10475680,0.62564321,-0.52337093,34,35
2.0,repli,3075,3,900,0.994828,-0.904533,0.29592644,0.78799608,-0.44779525,27,35
2.0,repli,3075,4,1200,0.995777,-0.905019,0.03172522,0.52937043,-0.45636137,49,35
2.0,repli,3075,5,1500,0.997708,-0.906001,0.08155719,0.57902314,-0.46616211,38,35
2.0,repli,3075,6,1800,0.995639,-0.904949,0.11416277,0.47120110,-0.32813844,33,35
2.0,repli,3075,7,2100,0.997017,-0.905651,0.03478985,0.39930863,-0.36655214,38,35
2.0,repli,3075,8,2400,0.996337,-0.905305,0.14869478,0.40447573,-0.27078599,25,35
2.0,repli,3075,9,2700,0.996023,-0.905145,-0.00145511,0.35850373,-0.35449997,49,35
2.0,repli,3075,10,3000,0.995998,-0.905132,0.03549802,0.36026936,-0.29967241,42,35
2.0,repli,3075,11,3300,0.995756,-0.905008,0.02189636,0.32135898,-0.29143141,41,35
2.0,repli,3075,12,3600,0.997301,-0.905795,0.01751303,0.38597617,-0.34475002,48,35
2.0,repli,3075,13,3900,0.995730,-0.904995,0.03133771,0.42459956,-0.36192413,45,35
2.0,repli,3075,14,4200,0.997321,-0.905805,-0.00081892,0.41425475,-0.41056044,47,35
2.0,repli,3075,15,4500,0.995788,-0.905025,0.20230093,0.46479019,-0.26887544,23,35
2.0,repli,3075,16,4800,0.996388,-0.905331,0.01323270,0.35498236,-0.36304007,38,35
2.0,repli,3075,17,5100,0.996700,-0.905490,0.00505081,0.36466535,-0.35195782,46,35
2.0,repli,3075,18,5400,0.996414,-0.905344,0.00200099,0.33128760,-0.32305552,47,35
2.0,repli,3075,19,5700,0.997508,-0.905900,-0.00591143,0.30887855,-0.31465502,49,35
2.0,repli,3075,20,6000,0.995877,-0.905070,0.14330878,0.42702377,-0.26959786,28,35
2.0,repli,3075,21,6300,0.996751,-0.905516,0.01056387,0.34192126,-0.34150336,40,35
2.0,repli,3075,22,6600,0.996366,-0.905320,0.15967837,0.40543005,-0.22683128,26,35
2.0,repli,3075,23,6900,0.997019,-0.905652,0.06270017,0.57806575,-0.51633992,37,35
2.0,repli,3075,24,7200,0.997422,-0.905856,0.18987763,0.62855998,-0.42606734,29,35
2.0,repli,3075,25,7500,0.994597,-0.904414,0.09393355,0.47621173,-0.32696185,38,35
2.0,repli,3075,26,7800,0.998644,-0.906473,0.30559377,0.57036347,-0.51818305,14,35
2.0,repli,3075,27,8100,0.995416,-0.904835,0.61121549,0.76504032,-0.40459553,7,35
2.0,repli,3075,28,8400,0.996060,-0.905164,-0.00370646,0.39054780,-0.39132662,48,35
2.0,repli,3075,29,8700,0.996760,-0.905520,0.04801199,0.43512385,-0.34255622,44,35
2.0,repli,3076,0,0,0.843300,-0.782646,0.35835208,0.44784666,-0.33761105,6,35
2.0,repli,3076,1,300,0.991570,-0.902842,0.54242001,0.81577724,-0.46558476,12,35
2.0,repli,3076,2,600,0.996906,-0.905594,0.07850248,0.45229771,-0.44633578,29,35
2.0,repli,3076,3,900,0.996732,-0.905506,0.06723548,0.39799617,-0.34251283,33,35
2.0,repli,3076,4,1200,0.995313,-0.904782,0.02697883,0.33942628,-0.30499657,40,35
2.0,repli,3076,5,1500,0.996572,-0.905425,0.02502614,0.34566005,-0.30587437,42,35
2.0,repli,3076,6,1800,0.996277,-0.905275,0.00214603,0.36107569,-0.35074394,48,35
2.0,repli,3076,7,2100,0.997400,-0.905845,0.02628047,0.40847222,-0.34948017,48,35
2.0,repli,3076,8,2400,0.995658,-0.904958,0.05887415,0.36059067,-0.28762842,36,35
2.0,repli,3076,9,2700,0.997905,-0.906101,0.12808986,0.42458556,-0.32003836,27,35
2.0,repli,3076,10,3000,0.996124,-0.905197,0.39276230,0.58725278,-0.39612605,11,35
2.0,repli,3076,11,3300,0.996325,-0.905299,0.00678736,0.48864699,-0.49050128,42,35
2.0,repli,3076,12,3600,0.997634,-0.905964,0.02552652,0.45620102,-0.40514798,45,35
2.0,repli,3076,13,3900,0.995832,-0.905047,0.02680520,0.48878429,-0.42923919,47,35
2.0,repli,3076,14,4200,0.997489,-0.905890,0.02187534,0.34569719,-0.29778662,47,35
2.0,repli,3076,15,4500,0.996685,-0.905482,0.18046416,0.39874433,-0.25254370,21,35
2.0,repli,3076,16,4800,0.996487,-0.905381,0.03291711,0.31163012,-0.33335793,31,35
2.0,repli,3076,17,5100,0.997427,-0.905859,0.09498981,0.43770237,-0.34190570,32,35
2.0,repli,3076,18,5400,0.996252,-0.905262,0.03298205,0.35912203,-0.30360084,42,35
2.0,repli,3076,19,5700,0.996272,-0.905272,0.01334337,0.32425138,-0.31195972,41,35
2.0,repli,3076,20,6000,0.996557,-0.905417,0.04779237,0.40173567,-0.32827238,40,35
2.0,repli,3076,21,6300,0.996383,-0.905329,0.00052744,0.27748656,-0.27287380,47,35
2.0,repli,3076,22,6600,0.996005,-0.905136,-0.00059456,0.30433431,-0.29942485,50,35
2.0,repli,3076,23,6900,0.996201,-0.905236,0.01406454,0.27573738,-0.24760830,45,35
2.0,repli,3076,24,7200,0.996318,-0.905295,-0.00664864,0.29820891,-0.30565058,49,35
2.0,repli,3076,25,7500,0.996089,-0.905179,0.01758666,0.35589054,-0.32734250,43,35
2.0,repli,3076,26,7800,0.996573,-0.905425,-0.00462451,0.32197994,-0.32703331,47,35
2.0,repli,3076,27,8100,0.995820,-0.905041,0.02269246,0.32229709,-0.28277957,43,35
2.0,repli,3076,28,8400,0.996291,-0.905282,-0.00660484,0.35223186,-0.35940342,48,35
2.0,repli,3076,29,8700,0.996136,-0.905203,0.03990177,0.39565784,-0.31903070,44,35
2.0,repli,3077,0,0,0.836201,-0.774207,0.39610467,0.46027155,-0.02763329,7,35
2.0,repli,3077,1,300,0.987142,-0.900493,0.48608109,0.79179909,-0.33417121,16,35
2.0,repli,3077,2,600,0.996960,-0.905622,0.16226075,0.71524036,-0.58821159,30,35
2.0,repli,3077,3,900,0.994075,-0.904145,0.30612706,0.83715550,-0.56475959,25,35
2.0,repli,3077,4,1200,0.994574,-0.904402,0.09009487,0.58213256,-0.48845494,35,35
2.0,repli,3077,5,1500,0.997360,-0.905825,0.14192717,0.55351672,-0.35440141,34,35
2.0,repli,3077,6,1800,0.993956,-0.904084,0.22594224,0.59881469,-0.36049853,26,35
2.0,repli,3077,7,2100,0.998760,-0.906531,0.16230784,0.51192824,-0.43687714,24,35
2.0,repli,3077,8,2400,0.993789,-0.903997,0.52202278,0.71401126,-0.34192536,10,35
2.0,repli,3077,9,2700,0.997457,-0.905874,0.09055311,0.45419144,-0.40295604,30,35
2.0,repli,3077,10,3000,0.996167,-0.905219,0.20907585,0.55003650,-0.32717515,26,35
2.0,repli,3077,11,3300,0.996630,-0.905454,0.04272421,0.44189873,-0.43863329,34,35
2.0,repli,3077,12,3600,0.997979,-0.906138,0.13541012,0.58511127,-0.42168235,33,35
2.0,repli,3077,13,3900,0.994882,-0.904561,0.17350044,0.57273128,-0.33544549,32,35
2.0,repli,3077,14,4200,0.997715,-0.906005,0.04885747,0.35820837,-0.25455153,49,35
2.0,repli,3077,15,4500,0.995877,-0.905071,0.24037281,0.54825118,-0.28727401,24,35
2.0,repli,3077,16,4800,0.996503,-0.905390,0.02732340,0.43869915,-0.44511595,36,35
2.0,repli,3077,17,5100,0.997144,-0.905716,0.06702430,0.41164945,-0.34855309,34,35
2.0,repli,3077,18,5400,0.996190,-0.905230,0.01890205,0.48249474,-0.44469064,45,35
2.0,repli,3077,19,5700,0.998410,-0.906355,0.08295909,0.46998759,-0.30752503,44,35
2.0,repli,3077,20,6000,0.994089,-0.904152,0.28606563,0.65012105,-0.43612026,21,35
2.0,repli,3077,21,6300,0.998013,-0.906155,0.14472704,0.49150900,-0.44959336,24,35
2.0,repli,3077,22,6600,0.995915,-0.905090,0.38935059,0.60727969,-0.41426296,12,35
2.0,repli,3077,23,6900,0.996666,-0.905473,-0.00102853,0.33514756,-0.33720462,45,35
2.0,repli,3077,24,7200,0.996142,-0.905206,0.01596301,0.33202299,-0.29477865,48,35
2.0,repli,3077,25,7500,0.995680,-0.904970,0.00291421,0.41421692,-0.42155829,42,35
2.0,repli,3077,26,7800,0.997668,-0.905981,0.07516661,0.52553437,-0.40334912,40,35
2.0,repli,3077,27,8100,0.995382,-0.904817,0.06730964,0.50819378,-0.42804668,37,35
2.0,repli,3077,28,8400,0.998228,-0.906264,0.04199242,0.40690520,-0.32027607,46,35
2.0,repli,3077,29,8700,0.995584,-0.904920,0.18159663,0.51202434,-0.33808852,26,35
2.0,repli,3078,0,0,0.865301,-0.806966,0.45333094,0.48528590,-0.32173968,2,32
2.0,repli,3078,1,300,0.987327,-0.900593,0.70401553,0.81736898,-0.36389322,5,32
2.0,repli,3078,2,600,0.996768,-0.905525,0.08710520,0.40992906,-0.36616522,29,32
2.0,repli,3078,3,900,0.996402,-0.905338,0.02497292,0.29212605,-0.26916766,38,32
2.0,repli,3078,4,1200,0.995745,-0.905003,0.03156635,0.24601249,-0.22058462,35,32
2.0,repli,3078,5,1500,0.996900,-0.905592,0.00565576,0.27709662,-0.26229810,47,32
2.0,repli,3078,6,1800,0.995801,-0.905032,0.07905404,0.38960160,-0.26986232,37,32
2.0,repli,3078,7,2100,0.997188,-0.905738,0.07345565,0.44620669,-0.32937871,39,32
2.0,repli,3078,8,2400,0.995661,-0.904960,0.12940657,0.36534509,-0.22719457,27,32
2.0,repli,3078,9,2700,0.996924,-0.905604,0.00583910,0.33599827,-0.32192761,46,32
2.0,repli,3078,10,3000,0.996509,-0.905393,0.02144629,0.30724640,-0.26435381,45,32
2.0,repli,3078,11,3300,0.996853,-0.905567,0.01210322,0.28009347,-0.26446800,42,32
2.0,repli,3078,12,3600,0.996425,-0.905350,0.07805299,0.33933116,-0.28880238,29,32
2.0,repli,3078,13,3900,0.996092,-0.905180,-0.00850171,0.33189492,-0.34889834,45,32
2.0,repli,3078,14,4200,0.997149,-0.905718,0.01735202,0.38164972,-0.35861038,42,32
2.0,repli,3078,15,4500,0.996729,-0.905504,0.01044050,0.32649381,-0.30843471,44,32
2.0,repli,3078,16,4800,0.997178,-0.905733,0.02266217,0.34086131,-0.30572562,42,32
2.0,repli,3078,17,5100,0.996709,-0.905495,-0.00616177,0.34121226,-0.34686355,49,32
2.0,repli,3078,18,5400,0.995527,-0.904891,0.01301659,0.30971414,-0.28368095,45,32
2.0,repli,3078,19,5700,0.996830,-0.905556,0.01676064,0.28666836,-0.26564384,41,32
2.0,repli,3078,20,6000,0.995955,-0.905110,0.05193842,0.37908981,-0.29565993,40,32
2.0,repli,3078,21,6300,0.997295,-0.905792,0.00232551,0.31530136,-0.30538391,48,32
2.0,repli,3078,22,6600,0.996101,-0.905185,0.03471218,0.33087685,-0.27996278,40,32
2.0,repli,3078,23,6900,0.996857,-0.905570,0.00086354,0.34232067,-0.34059358,45,32
2.0,repli,3078,24,7200,0.996901,-0.905592,0.00337665,0.30761660,-0.29501956,49,32
2.0,repli,3078,25,7500,0.996025,-0.905146,-0.00555780,0.41304906,-0.42416466,45,32
2.0,repli,3078,26,7800,0.996984,-0.905634,0.03511734,0.40470990,-0.32972734,47,32
2.0,repli,3078,27,8100,0.995978,-0.905122,0.02350771,0.32600621,-0.28867671,42,32
2.0,repli,3078,28,8400,0.996740,-0.905510,-0.00008523,0.26848223,-0.26670656,46,32
2.0,repli,3078,29,8700,0.996178,-0.905224,-0.00071312,0.24111186,-0.23943157,47,32
2.0,repli,3079,0,0,0.851118,-0.791599,0.43183789,0.51742780,-0.37450918,5,34
2.0,repli,3079,1,300,0.988117,-0.901016,0.60383405,0.75754413,-0.59150713,6,34
2.0,repli,3079,2,600,0.997514,-0.905903,0.12770389,0.55252166,-0.49055768,28,34
2.0,repli,3079,3,900,0.995892,-0.905078,0.28478277,0.52203049,-0.31027016,17,34
2.0,repli,3079,4,1200,0.996312,-0.905292,0.00424738,0.32053871,-0.32668828,41,34
2.0,repli,3079,5,1500,0.996708,-0.905494,0.08506160,0.35710562,-0.25194816,33,34
2.0,repli,3079,6,1800,0.996455,-0.905365,0.02850572,0.42364201,-0.43610507,35,34
2.0,repli,3079,7,2100,0.996798,-0.905540,0.08023350,0.39551326,-0.31033694,33,34
2.0,repli,3079,8,2400,0.995422,-0.904837,0.00613814,0.39767080,-0.37787410,49,34
2.0,repli,3079,9,2700,0.998308,-0.906304,0.11230921,0.39818261,-0.28907983,29,34
2.0,repli,3079,10,3000,0.996087,-0.905178,0.23148126,0.48887890,-0.23055550,23,34
2.0,repli,3079,11,3300,0.996959,-0.905621,0.06654688,0.49555280,-0.48035681,32,34
2.0,repli,3079,12,3600,0.997270,-0.905780,0.11458242,0.53663269,-0.39436056,34,34
2.0,repli,3079,13,3900,0.996371,-0.905323,0.02502539,0.40753206,-0.36089651,44,34
2.0,repli,3079,14,4200,0.997362,-0.905826,0.03405394,0.36072135,-0.31897754,39,34
2.0,repli,3079,15,4500,0.996259,-0.905266,0.00641641,0.38200016,-0.36195325,49,34
2.0,repli,3079,16,4800,0.997290,-0.905790,-0.00695376,0.33444688,-0.34260967,48,34
2.0,repli,3079,17,5100,0.996433,-0.905354,0.10731834,0.38675924,-0.28503894,29,34
2.0,repli,3079,18,5400,0.995952,-0.905109,0.00853842,0.28464202,-0.27297235,43,34
2.0,repli,3079,19,5700,0.996253,-0.905262,-0.00453663,0.24720536,-0.25852632,44,34
2.0,repli,3079,20,6000,0.996674,-0.905477,0.02242186,0.31305492,-0.26821120,45,34
2.0,repli,3079,21,6300,0.996605,-0.905442,0.01652219,0.37378972,-0.39377723,36,34
2.0,repli,3079,22,6600,0.996890,-0.905586,0.12704616,0.42079363,-0.28539868,29,34
2.0,repli,3079,23,6900,0.996501,-0.905389,-0.00483481,0.35439066,-0.36145719,46,34
2.0,repli,3079,24,7200,0.996777,-0.905529,0.08863708,0.43477640,-0.28543782,39,34
2.0,repli,3079,25,7500,0.996701,-0.905490,-0.00122753,0.32114477,-0.32126380,46,34
2.0,repli,3079,26,7800,0.996683,-0.905482,0.01115638,0.32284894,-0.30331915,44,34
2.0,repli,3079,27,8100,0.996045,-0.905156,-0.00265825,0.33819269,-0.34103927,46,34
2.0,repli,3079,28,8400,0.996557,-0.905417,0.05067237,0.35468606,-0.33688920,32,34
2.0,repli,3079,29,8700,0.996277,-0.905274,0.00777190,0.45876430,-0.43742695,47,34
2.0,repli,3080,0,0,0.866874,-0.808604,0.45135053,0.48460827,-0.35531937,2,30
2.0,repli,3080,1,300,0.987910,-0.900905,0.70118009,0.79443876,-0.17741476,5,30
2.0,repli,3080,2,600,0.997461,-0.905876,0.15136351,0.55745364,-0.48732086,26,30
2.0,repli,3080,3,900,0.996665,-0.905472,0.27595983,0.73164019,-0.44071833,26,30
2.0,repli,3080,4,1200,0.996119,-0.905194,0.00877717,0.37664864,-0.35642857,46,30
2.0,repli,3080,5,1500,0.996475,-0.905375,-0.00067678,0.33393755,-0.33827874,44,30
2.0,repli,3080,6,1800,0.996298,-0.905285,0.01602814,0.34490091,-0.31284462,45,30
2.0,repli,3080,7,2100,0.997764,-0.906029,0.02046312,0.29620132,-0.27250872,40,30
2.0,repli,3080,8,2400,0.995322,-0.904786,0.13602359,0.50111005,-0.37658689,29,30
2.0,repli,3080,9,2700,0.998561,-0.906432,0.19044190,0.45882425,-0.40439383,19,30
2.0,repli,3080,10,3000,0.995633,-0.904946,0.42677740,0.62085178,-0.44655733,10,30
2.0,repli,3080,11,3300,0.996552,-0.905414,0.03745934,0.37023951,-0.32893783,38,30
2.0,repli,3080,12,3600,0.996241,-0.905256,0.05913908,0.33443241,-0.25701811,36,30
2.0,repli,3080,13,3900,0.996110,-0.905189,-0.00280976,0.30703195,-0.32257251,42,30
2.0,repli,3080,14,4200,0.997182,-0.905734,0.06643401,0.38605199,-0.24704484,49,30
2.0,repli,3080,15,4500,0.996701,-0.905490,0.00983761,0.29757797,-0.27306097,48,30
2.0,repli,3080,16,4800,0.996922,-0.905603,0.02270468,0.37018018,-0.32477082,45,30
2.0,repli,3080,17,5100,0.995783,-0.905022,-0.00373638,0.27900160,-0.28647436,45,30
2.0,repli,3080,18,5400,0.997362,-0.905826,0.00554674,0.33186775,-0.31528330,48,30
2.0,repli,3080,19,5700,0.996468,-0.905372,0.02573107,0.32025062,-0.27455630,43,30
2.0,repli,3080,20,6000,0.996782,-0.905532,-0.00091125,0.30680597,-0.30345054,48,30
2.0,repli,3080,21,6300,0.996443,-0.905359,0.00235941,0.31108569,-0.30412971,46,30
2.0,repli,3080,22,6600,0.996322,-0.905297,0.06618632,0.34155336,-0.28485604,32,30
2.0,repli,3080,23,6900,0.997224,-0.905756,0.00856029,0.29211147,-0.27499089,45,30
2.0,repli,3080,24,7200,0.995933,-0.905099,0.05347652,0.42743204,-0.32780250,43,30
2.0,repli,3080,25,7500,0.996914,-0.905599,0.00169723,0.28616475,-0.29594117,41,30
2.0,repli,3080,26,7800,0.996778,-0.905530,0.16389261,0.36216665,-0.20977772,22,30
2.0,repli,3080,27,8100,0.997260,-0.905774,0.04727501,0.33880509,-0.32437227,32,30
2.0,repli,3080,28,8400,0.996679,-0.905480,0.15593860,0.44720147,-0.28428063,27,30
2.0,repli,3080,29,8700,0.995852,-0.905058,-0.00556161,0.34498340,-0.35610662,45,30
10.0,canon,0,0,0,0.474534,0.089833,0.20885878,0.51368912,-0.33832115,23,141
10.0,canon,0,1,300,0.892745,-0.833691,0.18156451,0.68568488,-0.39738623,36,141
10.0,canon,0,2,600,0.975314,-0.893920,0.10331196,0.60569669,-0.57849589,30,141
10.0,canon,0,3,900,0.999349,-0.906827,0.20511947,0.70648661,-0.65413144,24,141
10.0,canon,0,4,1200,0.998900,-0.906602,0.12696577,0.53921713,-0.35776935,35,141
10.0,canon,0,5,1500,0.999686,-0.906996,0.11253060,0.40803504,-0.31753389,28,141
10.0,canon,0,6,1800,0.999199,-0.906752,0.40895329,0.63715149,-0.30103881,14,141
10.0,canon,0,7,2100,0.999217,-0.906761,0.00246368,0.34772933,-0.33836661,47,141
10.0,canon,0,8,2400,0.999327,-0.906816,0.03729615,0.41599928,-0.34140697,45,141
10.0,canon,0,9,2700,0.999303,-0.906804,0.00893427,0.41212113,-0.39785247,44,141
10.0,canon,0,10,3000,0.999344,-0.906824,0.07481980,0.43582787,-0.31532384,39,141
10.0,canon,0,11,3300,0.999149,-0.906727,0.01071625,0.37406529,-0.36426713,42,141
10.0,canon,0,12,3600,0.999657,-0.906981,0.05648706,0.43089725,-0.32126608,44,141
10.0,canon,0,13,3900,0.999229,-0.906767,0.18259783,0.51045919,-0.29455754,28,141
10.0,canon,0,14,4200,0.999281,-0.906793,0.00807269,0.33666107,-0.31498656,48,141
10.0,canon,0,15,4500,0.999287,-0.906796,0.00164777,0.26151813,-0.25323108,49,141
10.0,canon,0,16,4800,0.999094,-0.906699,0.02180797,0.34244605,-0.29267139,49,141
10.0,canon,0,17,5100,0.999295,-0.906800,0.03409392,0.36909765,-0.33475144,38,141
10.0,canon,0,18,5400,0.999314,-0.906809,-0.00023414,0.26371474,-0.26418303,45,141
10.0,canon,0,19,5700,0.999058,-0.906681,0.04726211,0.35039169,-0.27481308,40,141
10.0,canon,0,20,6000,0.999312,-0.906809,0.00886671,0.29514503,-0.27533714,46,141
10.0,canon,0,21,6300,0.999201,-0.906753,0.01157900,0.41800320,-0.38703874,49,141
10.0,canon,0,22,6600,0.999390,-0.906847,0.02648100,0.36532343,-0.32804987,41,141
10.0,canon,0,23,6900,0.999125,-0.906715,0.08243977,0.49374465,-0.36205995,39,141
10.0,canon,0,24,7200,0.999624,-0.906965,0.07459595,0.39025403,-0.31644316,33,141
10.0,canon,0,25,7500,0.999058,-0.906681,0.26957234,0.54753350,-0.31240885,20,141
10.0,canon,0,26,7800,0.999335,-0.906820,0.03128516,0.29692784,-0.31781329,31,141
10.0,canon,0,27,8100,0.999385,-0.906845,0.15196552,0.39963221,-0.27248955,24,141
10.0,canon,0,28,8400,0.999207,-0.906756,0.01924307,0.42205992,-0.40222424,41,141
10.0,canon,0,29,8700,0.999519,-0.906912,0.11230365,0.56296810,-0.39404135,37,141
10.0,canon,1,0,0,0.504618,-0.004507,0.34702842,0.46396717,-0.08418322,12,126
10.0,canon,1,1,300,0.916585,-0.853957,0.21652627,0.71759748,-0.31586188,40,126
10.0,canon,1,2,600,0.975919,-0.894267,0.17188592,0.58446774,-0.53520332,24,126
10.0,canon,1,3,900,0.999252,-0.906778,0.24048401,0.75002089,-0.63276833,24,126
10.0,canon,1,4,1200,0.999107,-0.906706,0.07406622,0.56914821,-0.44393812,41,126
10.0,canon,1,5,1500,0.999638,-0.906971,0.09288790,0.42229175,-0.23651594,45,126
10.0,canon,1,6,1800,0.999024,-0.906664,0.30194052,0.60484451,-0.45778821,17,126
10.0,canon,1,7,2100,0.999508,-0.906906,0.05104953,0.41697704,-0.37921688,35,126
10.0,canon,1,8,2400,0.999360,-0.906833,0.08441289,0.40125688,-0.31950496,32,126
10.0,canon,1,9,2700,0.999165,-0.906735,0.00967653,0.40138669,-0.37700163,47,126
10.0,canon,1,10,3000,0.999551,-0.906928,-0.00340870,0.32760269,-0.32885017,48,126
10.0,canon,1,11,3300,0.999265,-0.906785,0.17405878,0.46611469,-0.23601098,29,126
10.0,canon,1,12,3600,0.999429,-0.906867,0.08756428,0.42023671,-0.39659291,28,126
10.0,canon,1,13,3900,0.999259,-0.906782,0.11387315,0.41487376,-0.29462768,30,126
10.0,canon,1,14,4200,0.999286,-0.906795,-0.00668770,0.33142337,-0.33910941,48,126
10.0,canon,1,15,4500,0.999309,-0.906807,0.02265094,0.29185215,-0.25182226,43,126
10.0,canon,1,16,4800,0.999286,-0.906795,0.00090558,0.39189571,-0.40818744,41,126
10.0,canon,1,17,5100,0.999650,-0.906977,0.03139267,0.43325243,-0.38333453,42,126
10.0,canon,1,18,5400,0.999168,-0.906736,0.14955220,0.50199762,-0.32876659,30,126
10.0,canon,1,19,5700,0.999484,-0.906895,0.06494369,0.40745626,-0.33779088,35,126
10.0,canon,1,20,6000,0.999307,-0.906806,0.20470834,0.51204912,-0.37451083,22,126
10.0,canon,1,21,6300,0.999199,-0.906752,-0.00347489,0.22894320,-0.23589298,45,126
10.0,canon,1,22,6600,0.999213,-0.906759,0.04142137,0.32821171,-0.26851473,39,126
10.0,canon,1,23,6900,0.999250,-0.906777,0.00500569,0.27281635,-0.25936462,47,126
10.0,canon,1,24,7200,0.999248,-0.906776,-0.00088629,0.28996457,-0.28684302,48,126
10.0,canon,1,25,7500,0.999271,-0.906788,0.03662335,0.34271288,-0.28859678,40,126
10.0,canon,1,26,7800,0.999161,-0.906733,0.00956565,0.32905408,-0.31277535,44,126
10.0,canon,1,27,8100,0.999404,-0.906854,0.00586285,0.34946849,-0.33196097,48,126
10.0,canon,1,28,8400,0.999135,-0.906720,0.04602386,0.33378826,-0.27081011,38,126
10.0,canon,1,29,8700,0.999258,-0.906781,0.02733070,0.29563323,-0.23902761,46,126
10.0,canon,2,0,0,0.484309,0.059254,0.24209428,0.48225566,-0.36026653,17,137
10.0,canon,2,1,300,0.904523,-0.844027,0.18182100,0.67469328,-0.34185580,40,137
10.0,canon,2,2,600,0.967579,-0.889375,0.05850657,0.42533805,-0.32530925,41,137
10.0,canon,2,3,900,0.993621,-0.903910,0.09853391,0.34890487,-0.27988064,27,137
10.0,canon,2,4,1200,0.998915,-0.906609,0.00209659,0.32595170,-0.32175852,45,137
10.0,canon,2,5,1500,0.999341,-0.906823,0.00177375,0.28067313,-0.29003870,41,137
10.0,canon,2,6,1800,0.999373,-0.906839,0.01414202,0.27044205,-0.24444641,44,137
10.0,canon,2,7,2100,0.999258,-0.906781,0.04283694,0.33832906,-0.27650321,39,137
10.0,canon,2,8,2400,0.999252,-0.906778,0.00858030,0.36916347,-0.35522235,44,137
10.0,canon,2,9,2700,0.999398,-0.906851,0.13608184,0.44587436,-0.31477692,28,137
10.0,canon,2,10,3000,0.999212,-0.906758,-0.00815226,0.29008044,-0.30638495,45,137
10.0,canon,2,11,3300,0.999198,-0.906751,0.00635622,0.34366118,-0.33094873,45,137
10.0,canon,2,12,3600,0.999194,-0.906749,0.00236038,0.32824729,-0.31700880,50,137
10.0,canon,2,13,3900,0.999249,-0.906777,-0.00572146,0.27195356,-0.27806299,49,137
10.0,canon,2,14,4200,0.999385,-0.906845,-0.00210064,0.30933405,-0.30829485,48,137
10.0,canon,2,15,4500,0.999210,-0.906757,0.00800423,0.28713421,-0.28404950,41,137
10.0,canon,2,16,4800,0.999561,-0.906933,0.06126481,0.50220343,-0.43415272,37,137
10.0,canon,2,17,5100,0.999294,-0.906799,0.25170282,0.52380422,-0.35137570,19,137
10.0,canon,2,18,5400,0.999164,-0.906734,0.00226542,0.37232346,-0.39765858,39,137
10.0,canon,2,19,5700,0.999428,-0.906867,0.02876843,0.43331842,-0.36897422,48,137
10.0,canon,2,20,6000,0.999098,-0.906701,0.01550354,0.36853908,-0.33075101,49,137
10.0,canon,2,21,6300,0.999472,-0.906888,0.06817241,0.38308581,-0.32194418,33,137
10.0,canon,2,22,6600,0.999267,-0.906786,0.16153989,0.42336749,-0.28718437,24,137
10.0,canon,2,23,6900,0.999349,-0.906827,0.04037019,0.30948341,-0.26199253,37,137
10.0,canon,2,24,7200,0.999107,-0.906706,0.04520849,0.37374702,-0.29384974,42,137
10.0,canon,2,25,7500,0.999399,-0.906852,-0.00296061,0.28985464,-0.29577586,45,137
10.0,canon,2,26,7800,0.999381,-0.906843,0.04054146,0.32317091,-0.25517378,41,137
10.0,canon,2,27,8100,0.999238,-0.906771,-0.00448090,0.29855101,-0.30531692,46,137
10.0,canon,2,28,8400,0.999252,-0.906778,0.00736171,0.30479848,-0.28791972,46,137
10.0,canon,2,29,8700,0.999203,-0.906754,0.03599336,0.27571711,-0.24587961,35,137
10.0,canon,3,0,0,0.457742,0.141984,0.19730550,0.49278083,-0.23271664,28,146
10.0,canon,3,1,300,0.885864,-0.827347,0.18359851,0.68799813,-0.40948676,35,146
10.0,canon,3,2,600,0.970419,-0.891067,0.13752310,0.46864260,-0.32739506,29,146
10.0,canon,3,3,900,0.997716,-0.906005,0.37559860,0.57313260,-0.29140610,13,146
10.0,canon,3,4,1200,0.999348,-0.906827,0.06086015,0.49607617,-0.43895826,36,146
10.0,canon,3,5,1500,0.999426,-0.906865,0.11112235,0.45311806,-0.30128423,34,146
10.0,canon,3,6,1800,0.999163,-0.906734,0.01436102,0.38066342,-0.35194138,45,146
10.0,canon,3,7,2100,0.999570,-0.906937,0.06319302,0.42868976,-0.37755305,34,146
10.0,canon,3,8,2400,0.999267,-0.906786,0.19646106,0.43317753,-0.20922736,24,146
10.0,canon,3,9,2700,0.999143,-0.906723,-0.00242162,0.28885363,-0.29629754,44,146
10.0,canon,3,10,3000,0.999230,-0.906767,0.01348810,0.32533558,-0.30446655,43,146
10.0,canon,3,11,3300,0.999272,-0.906788,-0.00570731,0.31477084,-0.32002982,49,146
10.0,canon,3,12,3600,0.999165,-0.906734,0.00535252,0.37097831,-0.36353779,44,146
10.0,canon,3,13,3900,0.999326,-0.906816,0.00861511,0.33472622,-0.32388251,43,146
10.0,canon,3,14,4200,0.999269,-0.906787,0.05127679,0.43508604,-0.37130436,38,146
10.0,canon,3,15,4500,0.999142,-0.906723,0.00639182,0.37967790,-0.36418929,46,146
10.0,canon,3,16,4800,0.999379,-0.906842,0.02813960,0.33870597,-0.27843716,47,146
10.0,canon,3,17,5100,0.999055,-0.906680,0.05665098,0.32452848,-0.26637777,34,146
10.0,canon,3,18,5400,0.999452,-0.906878,0.00377977,0.32058080,-0.31922543,43,146
10.0,canon,3,19,5700,0.999112,-0.906708,0.21881637,0.39409884,-0.22081840,17,146
10.0,canon,3,20,6000,0.999295,-0.906800,0.00194666,0.29860603,-0.29090175,47,146
10.0,canon,3,21,6300,0.999268,-0.906786,0.00185431,0.33953556,-0.33148901,47,146
10.0,canon,3,22,6600,0.999224,-0.906764,0.02628255,0.29185566,-0.24449151,43,146
10.0,canon,3,23,6900,0.999344,-0.906824,0.00049109,0.37956641,-0.37583731,46,146
10.0,canon,3,24,7200,0.999338,-0.906821,0.05855694,0.40697936,-0.33291380,37,146
10.0,canon,3,25,7500,0.999167,-0.906735,0.01865104,0.37832734,-0.33841891,46,146
10.0,canon,3,26,7800,0.999290,-0.906797,0.04100333,0.39889199,-0.35303877,38,146
10.0,canon,3,27,8100,0.999232,-0.906768,0.01330080,0.37326658,-0.35819097,42,146
10.0,canon,3,28,8400,0.999560,-0.906933,0.02279682,0.43065310,-0.37690234,50,146
10.0,canon,3,29,8700,0.999236,-0.906770,0.06654826,0.34883846,-0.25061950,37,146
10.0,canon,4,0,0,0.476787,0.082797,0.15835267,0.41171606,-0.34425066,21,139
10.0,canon,4,1,300,0.912820,-0.850926,0.13439577,0.61895522,-0.36567913,42,139
10.0,canon,4,2,600,0.974028,-0.893178,0.09989683,0.49566508,-0.33585140,38,139
10.0,canon,4,3,900,0.995521,-0.904888,0.05171238,0.36460255,-0.33589782,33,139
10.0,canon,4,4,1200,0.999098,-0.906701,-0.00352602,0.32292978,-0.32448858,48,139
10.0,canon,4,5,1500,0.999409,-0.906857,0.00105600,0.26255990,-0.26044791,45,139
10.0,canon,4,6,1800,0.999261,-0.906783,0.05405807,0.32712227,-0.25274378,37,139
10.0,canon,4,7,2100,0.999228,-0.906766,0.00175598,0.28447555,-0.27553321,49,139
10.0,canon,4,8,2400,0.999308,-0.906806,0.03049960,0.28694709,-0.23782144,41,139
10.0,canon,4,9,2700,0.999174,-0.906739,-0.00191298,0.29813532,-0.30464028,44,139
10.0,canon,4,10,3000,0.999305,-0.906805,0.00009212,0.27916670,-0.28147419,44,139
10.0,canon,4,11,3300,0.999174,-0.906739,0.02104667,0.33577811,-0.31908553,39,139
10.0,canon,4,12,3600,0.999252,-0.906778,0.00599798,0.28619139,-0.27419543,45,139
10.0,canon,4,13,3900,0.999343,-0.906824,-0.00455450,0.25911148,-0.26294716,50,139
10.0,canon,4,14,4200,0.999450,-0.906877,-0.00202454,0.28423506,-0.29389020,43,139
10.0,canon,4,15,4500,0.999257,-0.906781,0.05327788,0.30081067,-0.21926035,38,139
10.0,canon,4,16,4800,0.999250,-0.906777,0.04048197,0.33114332,-0.31002143,34,139
10.0,canon,4,17,5100,0.999422,-0.906863,0.06165973,0.32851507,-0.24480694,36,139
10.0,canon,4,18,5400,0.999170,-0.906737,-0.00404137,0.32016129,-0.32589474,46,139
10.0,canon,4,19,5700,0.999477,-0.906891,-0.00078250,0.28720817,-0.28668627,46,139
10.0,canon,4,20,6000,0.999385,-0.906845,0.05985631,0.33388729,-0.27961491,33,139
10.0,canon,4,21,6300,0.999238,-0.906771,0.00035637,0.29163007,-0.28880665,46,139
10.0,canon,4,22,6600,0.999115,-0.906710,0.03491645,0.30334031,-0.27335157,36,139
10.0,canon,4,23,6900,0.999310,-0.906808,0.03548928,0.31430043,-0.28470790,36,139
10.0,canon,4,24,7200,0.999221,-0.906763,0.04662208,0.33048907,-0.25038798,41,139
10.0,canon,4,25,7500,0.999314,-0.906809,0.01488866,0.33976368,-0.32038876,42,139
10.0,canon,4,26,7800,0.999349,-0.906827,0.07879031,0.39982652,-0.28989972,36,139
10.0,canon,4,27,8100,0.999251,-0.906778,0.00101882,0.30303608,-0.30099844,45,139
10.0,canon,4,28,8400,0.999440,-0.906873,0.00289664,0.32500486,-0.31687748,46,139
10.0,canon,4,29,8700,0.999324,-0.906814,0.00540822,0.31839013,-0.32713506,40,139
10.0,canon,5,0,0,0.497256,0.018619,0.13121180,0.39046688,-0.44339449,19,129
10.0,canon,5,1,300,0.938642,-0.870510,0.11467260,0.67161439,-0.43823339,46,129
10.0,canon,5,2,600,0.982856,-0.898162,0.07568872,0.50460488,-0.36696122,42,129
10.0,canon,5,3,900,0.997318,-0.905804,0.00622705,0.40167551,-0.39275219,44,129
10.0,canon,5,4,1200,0.999121,-0.906713,0.07429578,0.39684203,-0.31465705,34,129
10.0,canon,5,5,1500,0.999184,-0.906744,0.00115858,0.34100520,-0.33622538,46,129
10.0,canon,5,6,1800,0.999320,-0.906812,-0.00157325,0.33597732,-0.33478756,47,129
10.0,canon,5,7,2100,0.999288,-0.906796,0.00698443,0.29609247,-0.27657052,49,129
10.0,canon,5,8,2400,0.999249,-0.906777,-0.00226399,0.26100322,-0.26788180,44,129
10.0,canon,5,9,2700,0.999157,-0.906731,0.01101055,0.33372251,-0.31458276,44,129
10.0,canon,5,10,3000,0.999180,-0.906742,0.00400514,0.34603207,-0.34107560,44,129
10.0,canon,5,11,3300,0.999309,-0.906807,0.05575823,0.34104206,-0.28826050,34,129
10.0,canon,5,12,3600,0.999184,-0.906744,0.01495301,0.30463795,-0.27101057,47,129
10.0,canon,5,13,3900,0.999543,-0.906924,0.03978737,0.44488803,-0.38406950,41,129
10.0,canon,5,14,4200,0.999218,-0.906761,0.12985389,0.41859944,-0.29037400,28,129
10.0,canon,5,15,4500,0.999401,-0.906853,0.00438270,0.36247521,-0.36517583,42,129
10.0,canon,5,16,4800,0.999148,-0.906726,0.13509998,0.38846342,-0.26338119,26,129
10.0,canon,5,17,5100,0.999373,-0.906839,-0.00426769,0.33217895,-0.33425198,49,129
10.0,canon,5,18,5400,0.999189,-0.906747,0.05183953,0.35707422,-0.29870344,36,129
10.0,canon,5,19,5700,0.999163,-0.906733,0.00936002,0.31175205,-0.29303200,45,129
10.0,canon,5,20,6000,0.999277,-0.906791,0.00951783,0.30440092,-0.28536526,45,129
10.0,canon,5,21,6300,0.999136,-0.906720,0.00095805,0.26161568,-0.25531352,48,129
10.0,canon,5,22,6600,0.999343,-0.906824,0.00126766,0.29048423,-0.28239373,49,129
10.0,canon,5,23,6900,0.999217,-0.906761,0.00352573,0.30749423,-0.29824011,46,129
10.0,canon,5,24,7200,0.999394,-0.906849,-0.00246616,0.31799968,-0.31881522,47,129
10.0,canon,5,25,7500,0.999251,-0.906778,0.17316044,0.39527841,-0.20750884,24,129
10.0,canon,5,26,7800,0.999424,-0.906865,0.06062741,0.39998597,-0.34859909,34,129
10.0,canon,5,27,8100,0.999276,-0.906790,0.21919068,0.45608438,-0.30585442,19,129
10.0,canon,5,28,8400,0.999142,-0.906723,-0.00583355,0.27494260,-0.29210838,43,129
10.0,canon,5,29,8700,0.999288,-0.906796,-0.00033325,0.27737788,-0.27447684,47,129
10.0,canon,6,0,0,0.480368,0.071599,0.23759721,0.46827151,-0.21999721,21,137
10.0,canon,6,1,300,0.898436,-0.838767,0.16341800,0.69598223,-0.40243148,40,137
10.0,canon,6,2,600,0.974776,-0.893610,0.10194526,0.57220232,-0.46512943,34,137
10.0,canon,6,3,900,0.997930,-0.906113,0.28030809,0.62983333,-0.45151037,20,137
10.0,canon,6,4,1200,0.999113,-0.906709,0.04507529,0.51462852,-0.45382502,40,137
10.0,canon,6,5,1500,0.999652,-0.906978,0.05833215,0.49550807,-0.42300671,38,137
10.0,canon,6,6,1800,0.999036,-0.906670,0.21712867,0.52508193,-0.39376595,21,137
10.0,canon,6,7,2100,0.999639,-0.906972,0.28372391,0.58342596,-0.42167238,18,137
10.0,canon,6,8,2400,0.999072,-0.906688,0.47209486,0.71585631,-0.35100412,13,137
10.0,canon,6,9,2700,0.999336,-0.906820,0.00597829,0.39080979,-0.37606459,46,137
10.0,canon,6,10,3000,0.999302,-0.906803,0.01913094,0.34919432,-0.31739635,43,137
10.0,canon,6,11,3300,0.999089,-0.906697,0.09105102,0.39534747,-0.28591325,33,137
10.0,canon,6,12,3600,0.999537,-0.906921,0.05810664,0.37809607,-0.30141816,37,137
10.0,canon,6,13,3900,0.999338,-0.906821,0.24741844,0.50970915,-0.30175273,20,137
10.0,canon,6,14,4200,0.999235,-0.906770,-0.00045327,0.34816426,-0.36023344,42,137
10.0,canon,6,15,4500,0.999348,-0.906826,0.00949138,0.34772650,-0.32629276,46,137
10.0,canon,6,16,4800,0.999381,-0.906843,0.01102129,0.34238377,-0.32034120,45,137
10.0,canon,6,17,5100,0.999137,-0.906720,0.06492694,0.44407377,-0.34481940,39,137
10.0,canon,6,18,5400,0.999425,-0.906865,0.01704589,0.37988847,-0.34113553,47,137
10.0,canon,6,19,5700,0.999187,-0.906746,0.04564911,0.40469684,-0.33002258,41,137
10.0,canon,6,20,6000,0.999304,-0.906804,0.00767399,0.28924376,-0.27941000,43,137
10.0,canon,6,21,6300,0.999201,-0.906753,0.05556479,0.33855164,-0.24510873,40,137
10.0,canon,6,22,6600,0.999355,-0.906830,0.01391095,0.37519823,-0.35060210,44,137
10.0,canon,6,23,6900,0.999139,-0.906722,0.01288587,0.28995033,-0.27305011,42,137
10.0,canon,6,24,7200,0.999217,-0.906761,0.02832036,0.37595350,-0.35443021,38,137
10.0,canon,6,25,7500,0.999427,-0.906866,-0.00265020,0.36571674,-0.36364980,50,137
10.0,canon,6,26,7800,0.999102,-0.906703,0.08966268,0.41098971,-0.39599600,27,137
10.0,canon,6,27,8100,0.999566,-0.906936,0.06345787,0.40528395,-0.34874418,34,137
10.0,canon,6,28,8400,0.999035,-0.906669,0.30544121,0.45063232,-0.18481948,13,137
10.0,canon,6,29,8700,0.999535,-0.906920,0.18852972,0.51971620,-0.46845323,21,137
10.0,canon,7,0,0,0.513012,-0.030857,0.18280547,0.42312241,-0.27009953,22,129
10.0,canon,7,1,300,0.953497,-0.880576,0.15038953,0.69718750,-0.40711685,43,129
10.0,canon,7,2,600,0.986888,-0.900357,0.06156733,0.44279554,-0.32306470,44,129
10.0,canon,7,3,900,0.999258,-0.906781,0.02354905,0.33879898,-0.29787468,43,129
10.0,canon,7,4,1200,0.999193,-0.906749,0.19486230,0.52511063,-0.32454074,26,129
10.0,canon,7,5,1500,0.999338,-0.906822,0.04077180,0.38105621,-0.34155547,37,129
10.0,canon,7,6,1800,0.999171,-0.906738,0.09766836,0.35106248,-0.24622365,30,129
10.0,canon,7,7,2100,0.999285,-0.906795,0.01164548,0.30553919,-0.30596726,39,129
10.0,canon,7,8,2400,0.999241,-0.906773,0.00581036,0.31083354,-0.29408022,48,129
10.0,canon,7,9,2700,0.999331,-0.906818,0.05917993,0.32201633,-0.27588815,32,129
10.0,canon,7,10,3000,0.999303,-0.906804,0.00127218,0.25227654,-0.25197329,44,129
10.0,canon,7,11,3300,0.999163,-0.906734,-0.00147814,0.31678797,-0.31438882,48,129
10.0,canon,7,12,3600,0.999325,-0.906815,0.03046044,0.38201188,-0.34946338,39,129
10.0,canon,7,13,3900,0.999282,-0.906793,0.00898941,0.31154515,-0.30325408,42,129
10.0,canon,7,14,4200,0.999537,-0.906921,0.01674119,0.32676313,-0.32459876,38,129
10.0,canon,7,15,4500,0.999276,-0.906790,0.02392065,0.32225566,-0.28025690,43,129
10.0,canon,7,16,4800,0.999207,-0.906756,-0.00709496,0.32736580,-0.33513149,49,129
10.0,canon,7,17,5100,0.999439,-0.906872,0.01186407,0.34731804,-0.31928057,47,129
10.0,canon,7,18,5400,0.999373,-0.906839,0.12553483,0.34134498,-0.21388384,26,129
10.0,canon,7,19,5700,0.999136,-0.906720,-0.00190986,0.27207351,-0.27237358,47,129
10.0,canon,7,20,6000,0.999412,-0.906858,0.00260203,0.36359456,-0.35117064,50,129
10.0,canon,7,21,6300,0.999307,-0.906806,0.00724509,0.33850965,-0.31976397,47,129
10.0,canon,7,22,6600,0.999315,-0.906810,0.02092259,0.30423157,-0.26793467,43,129
10.0,canon,7,23,6900,0.999294,-0.906800,-0.00560735,0.29873812,-0.30410705,49,129
10.0,canon,7,24,7200,0.999228,-0.906766,0.02151769,0.26466537,-0.22941550,42,129
10.0,canon,7,25,7500,0.999178,-0.906741,-0.00359813,0.37368270,-0.37814505,46,129
10.0,canon,7,26,7800,0.999504,-0.906905,0.01233234,0.41137951,-0.38000008,48,129
10.0,canon,7,27,8100,0.999182,-0.906743,0.08569955,0.38805177,-0.29974395,32,129
10.0,canon,7,28,8400,0.999126,-0.906715,-0.00277628,0.28140902,-0.28150304,49,129
10.0,canon,7,29,8700,0.998907,-0.906605,0.02619760,0.35249538,-0.31520780,41,129
10.0,canon,8,0,0,0.471907,0.098029,0.23857526,0.40955935,-0.29340682,14,144
10.0,canon,8,1,300,0.903760,-0.843376,0.13968127,0.69562927,-0.46113517,39,144
10.0,canon,8,2,600,0.968549,-0.889956,0.03999031,0.45069601,-0.37071539,45,144
10.0,canon,8,3,900,0.994765,-0.904501,0.03777618,0.33415014,-0.28251700,39,144
10.0,canon,8,4,1200,0.998702,-0.906502,-0.00609729,0.33949144,-0.34587083,48,144
10.0,canon,8,5,1500,0.999310,-0.906807,0.01781429,0.34675035,-0.34435046,38,144
10.0,canon,8,6,1800,0.999264,-0.906784,0.01484708,0.33895448,-0.30691170,46,144
10.0,canon,8,7,2100,0.999326,-0.906815,-0.00701226,0.29559231,-0.30742404,46,144
10.0,canon,8,8,2400,0.999042,-0.906673,0.09903286,0.39932738,-0.29560384,31,144
10.0,canon,8,9,2700,0.999357,-0.906831,0.00646682,0.32786994,-0.32123062,43,144
10.0,canon,8,10,3000,0.999344,-0.906824,0.06252330,0.31438351,-0.27928699,30,144
10.0,canon,8,11,3300,0.999221,-0.906763,0.00126161,0.27400450,-0.26624252,49,144
10.0,canon,8,12,3600,0.999354,-0.906830,0.00900842,0.34322677,-0.32091648,47,144
10.0,canon,8,13,3900,0.999208,-0.906756,0.02557456,0.30474408,-0.26652054,41,144
10.0,canon,8,14,4200,0.999212,-0.906758,-0.00280909,0.36416759,-0.36978577,45,144
10.0,canon,8,15,4500,0.999404,-0.906855,0.13642001,0.44687722,-0.29948664,29,144
10.0,canon,8,16,4800,0.999304,-0.906804,-0.00409284,0.28625982,-0.29234148,46,144
10.0,canon,8,17,5100,0.999194,-0.906749,0.00181246,0.28797451,-0.29351241,42,144
10.0,canon,8,18,5400,0.999338,-0.906821,0.01659524,0.34296240,-0.32022209,42,144
10.0,canon,8,19,5700,0.999240,-0.906772,0.00020978,0.32611705,-0.32151080,47,144
10.0,canon,8,20,6000,0.999412,-0.906859,0.00678765,0.33786897,-0.33077751,43,144
10.0,canon,8,21,6300,0.999228,-0.906766,0.12346854,0.35147057,-0.26728493,24,144
10.0,canon,8,22,6600,0.999367,-0.906836,0.00193403,0.30250499,-0.29645888,46,144
10.0,canon,8,23,6900,0.999277,-0.906791,0.01187686,0.27908981,-0.26389218,42,144
10.0,canon,8,24,7200,0.999380,-0.906843,-0.00028916,0.29265548,-0.29584938,44,144
10.0,canon,8,25,7500,0.999192,-0.906748,0.06302285,0.34282284,-0.27438302,34,144
10.0,canon,8,26,7800,0.999101,-0.906703,0.00410297,0.35502336,-0.34995064,44,144
10.0,canon,8,27,8100,0.999324,-0.906814,0.05043391,0.32453733,-0.26435674,36,144
10.0,canon,8,28,8400,0.999117,-0.906711,0.00111471,0.33263247,-0.33040306,45,144
10.0,canon,8,29,8700,0.999255,-0.906780,-0.00042950,0.30328822,-0.29903659,48,144
10.0,canon,9,0,0,0.498569,0.014494,0.16653772,0.49783240,-0.40124032,24,130
10.0,canon,9,1,300,0.927636,-0.862500,0.12853237,0.68763657,-0.42338944,47,130
10.0,canon,9,2,600,0.975293,-0.893908,0.11408422,0.50762524,-0.37343675,33,130
10.0,canon,9,3,900,0.997780,-0.906038,0.10823568,0.42356404,-0.20103595,49,130
10.0,canon,9,4,1200,0.998780,-0.906541,0.40759160,0.62046578,-0.31121167,13,130
10.0,canon,9,5,1500,0.999559,-0.906932,0.11412321,0.40568292,-0.31020030,28,130
10.0,canon,9,6,1800,0.999223,-0.906764,0.28801842,0.50150493,-0.37620125,14,130
10.0,canon,9,7,2100,0.999354,-0.906830,0.03710260,0.34897213,-0.32960113,35,130
10.0,canon,9,8,2400,0.999186,-0.906745,0.04825174,0.31675238,-0.26010447,36,130
10.0,canon,9,9,2700,0.999154,-0.906729,-0.00019262,0.35287519,-0.34647880,49,130
10.0,canon,9,10,3000,0.999333,-0.906819,0.02659631,0.39178950,-0.33859689,45,130
10.0,canon,9,11,3300,0.999179,-0.906742,0.00187257,0.34266947,-0.33318977,48,130
10.0,canon,9,12,3600,0.999393,-0.906849,0.00082251,0.36223873,-0.35595087,47,130
10.0,canon,9,13,3900,0.999181,-0.906743,0.15399785,0.43155745,-0.28253820,26,130
10.0,canon,9,14,4200,0.999625,-0.906965,0.13268413,0.40835636,-0.26851742,28,130
10.0,canon,9,15,4500,0.999070,-0.906687,0.32148968,0.49249472,-0.25593585,13,130
10.0,canon,9,16,4800,0.999331,-0.906818,0.08178196,0.46688276,-0.44085484,30,130
10.0,canon,9,17,5100,0.999352,-0.906828,0.14044211,0.55511191,-0.42232405,30,130
10.0,canon,9,18,5400,0.999159,-0.906732,0.00276223,0.33160631,-0.32369892,46,130
10.0,canon,9,19,5700,0.999382,-0.906844,0.02923617,0.32421706,-0.33618792,33,130
10.0,canon,9,20,6000,0.999184,-0.906744,0.08473253,0.44218745,-0.30883201,38,130
10.0,canon,9,21,6300,0.999261,-0.906783,-0.00209503,0.33961150,-0.34132542,46,130
10.0,canon,9,22,6600,0.999363,-0.906834,0.00392084,0.28593795,-0.28061429,44,130
10.0,canon,9,23,6900,0.999268,-0.906786,0.08223302,0.36812531,-0.29347677,31,130
10.0,canon,9,24,7200,0.999433,-0.906869,0.03818483,0.28327129,-0.24328166,36,130
10.0,canon,9,25,7500,0.999267,-0.906786,0.21270658,0.44312238,-0.26972651,20,130
10.0,canon,9,26,7800,0.999465,-0.906885,0.07197451,0.34741755,-0.30184105,30,130
10.0,canon,9,27,8100,0.999378,-0.906841,0.20260774,0.44672880,-0.28166135,21,130
10.0,canon,9,28,8400,0.999377,-0.906841,0.01817802,0.32267908,-0.31708334,38,130
10.0,canon,9,29,8700,0.999324,-0.906815,0.00797210,0.36406991,-0.35130515,44,130
10.0,repli,3071,0,0,0.502607,0.001811,0.24561409,0.47007843,-0.35663175,16,128
10.0,repli,3071,1,300,0.923412,-0.859295,0.15837458,0.69034038,-0.36295191,50,128
10.0,repli,3071,2,600,0.972189,-0.892108,0.04994324,0.40717884,-0.33612348,39,128
10.0,repli,3071,3,900,0.993969,-0.904090,-0.00492247,0.34523026,-0.35507519,45,128
10.0,repli,3071,4,1200,0.999022,-0.906663,0.10146962,0.42767760,-0.32722165,31,128
10.0,repli,3071,5,1500,0.999050,-0.906677,-0.00300550,0.36842452,-0.36730121,49,128
10.0,repli,3071,6,1800,0.999708,-0.907007,0.08531318,0.42310714,-0.33314800,33,128
10.0,repli,3071,7,2100,0.999209,-0.906757,0.32004197,0.54440719,-0.32665780,15,128
10.0,repli,3071,8,2400,0.999307,-0.906806,0.05785857,0.45776230,-0.43754455,33,128
10.0,repli,3071,9,2700,0.999522,-0.906913,0.12083718,0.51641755,-0.41602190,30,128
10.0,repli,3071,10,3000,0.999175,-0.906740,0.04104430,0.41149455,-0.32940596,45,128
10.0,repli,3071,11,3300,0.999286,-0.906795,-0.00461504,0.27837818,-0.28284635,48,128
10.0,repli,3071,12,3600,0.999144,-0.906724,0.02218024,0.36162035,-0.31725987,45,128
10.0,repli,3071,13,3900,0.999260,-0.906782,0.00621264,0.29960452,-0.28341026,47,128
10.0,repli,3071,14,4200,0.999188,-0.906746,-0.00057398,0.48585657,-0.47766133,49,128
10.0,repli,3071,15,4500,0.999652,-0.906979,0.03973451,0.47582165,-0.38797639,49,128
10.0,repli,3071,16,4800,0.998907,-0.906605,0.24302053,0.58449903,-0.31700421,25,128
10.0,repli,3071,17,5100,0.999622,-0.906964,0.13743522,0.41914194,-0.28834069,27,128
10.0,repli,3071,18,5400,0.999000,-0.906652,0.44726809,0.66288508,-0.22358009,14,128
10.0,repli,3071,19,5700,0.999585,-0.906945,0.19530885,0.52533900,-0.49569178,20,128
10.0,repli,3071,20,6000,0.999295,-0.906800,0.39291533,0.67136724,-0.40968135,15,128
10.0,repli,3071,21,6300,0.999353,-0.906829,0.03008048,0.43974939,-0.37432573,47,128
10.0,repli,3071,22,6600,0.999145,-0.906725,0.14956014,0.34535905,-0.28440354,19,128
10.0,repli,3071,23,6900,0.999220,-0.906762,0.00554763,0.31715837,-0.33121203,39,128
10.0,repli,3071,24,7200,0.999172,-0.906738,0.03003068,0.34068545,-0.28339779,44,128
10.0,repli,3071,25,7500,0.999214,-0.906759,-0.00603494,0.33243838,-0.33773880,50,128
10.0,repli,3071,26,7800,0.999326,-0.906815,0.00433623,0.26839801,-0.25972556,45,128
10.0,repli,3071,27,8100,0.999198,-0.906751,-0.00149720,0.34542582,-0.34590629,46,128
10.0,repli,3071,28,8400,0.999442,-0.906873,0.00322508,0.31610114,-0.30965097,45,128
10.0,repli,3071,29,8700,0.999057,-0.906680,0.07810966,0.34259815,-0.22563884,36,128
10.0,repli,3072,0,0,0.525041,-0.068506,0.20354418,0.45941173,-0.23496565,24,127
10.0,repli,3072,1,300,0.960726,-0.885180,0.14797364,0.66834326,-0.42496304,38,127
10.0,repli,3072,2,600,0.985563,-0.899641,0.11403244,0.45844932,-0.35339047,30,127
10.0,repli,3072,3,900,0.996883,-0.905583,-0.00022415,0.25352011,-0.25396841,45,127
10.0,repli,3072,4,1200,0.999107,-0.906706,0.06346480,0.35534956,-0.29812379,33,127
10.0,repli,3072,5,1500,0.999345,-0.906825,0.00633567,0.25793446,-0.24750955,44,127
10.0,repli,3072,6,1800,0.999219,-0.906762,-0.00809784,0.29540914,-0.30553469,50,127
10.0,repli,3072,7,2100,0.999439,-0.906872,0.00332950,0.34806049,-0.33560073,48,127
10.0,repli,3072,8,2400,0.999289,-0.906797,0.01346794,0.30336229,-0.27432572,46,127
10.0,repli,3072,9,2700,0.999226,-0.906765,-0.00269465,0.29262839,-0.29304831,48,127
10.0,repli,3072,10,3000,0.999340,-0.906822,0.01374218,0.27737629,-0.28246449,37,127
10.0,repli,3072,11,3300,0.999169,-0.906737,-0.00591562,0.27748717,-0.28365036,50,127
10.0,repli,3072,12,3600,0.999290,-0.906797,0.00239967,0.29848176,-0.29368242,45,127
10.0,repli,3072,13,3900,0.999204,-0.906754,0.06394713,0.33902582,-0.24511812,37,127
10.0,repli,3072,14,4200,0.999195,-0.906750,0.00092018,0.36050233,-0.37017569,42,127
10.0,repli,3072,15,4500,0.999423,-0.906864,0.03524391,0.43872460,-0.40080017,39,127
10.0,repli,3072,16,4800,0.999280,-0.906793,0.01951520,0.33626539,-0.29493970,46,127
10.0,repli,3072,17,5100,0.999453,-0.906879,0.00195449,0.31105820,-0.30194794,48,127
10.0,repli,3072,18,5400,0.999231,-0.906768,0.01183912,0.28915356,-0.26346580,46,127
10.0,repli,3072,19,5700,0.999497,-0.906901,0.01925666,0.29297486,-0.25094528,47,127
10.0,repli,3072,20,6000,0.999224,-0.906764,0.00620375,0.27396787,-0.25620509,50,127
10.0,repli,3072,21,6300,0.999322,-0.906813,-0.00543057,0.25695246,-0.26339849,48,127
10.0,repli,3072,22,6600,0.999304,-0.906805,0.02119515,0.31101057,-0.28203875,41,127
10.0,repli,3072,23,6900,0.999287,-0.906796,-0.00410817,0.28396827,-0.28642308,50,127
10.0,repli,3072,24,7200,0.999257,-0.906781,-0.00650157,0.30146724,-0.31051414,47,127
10.0,repli,3072,25,7500,0.999182,-0.906743,0.00181243,0.27015498,-0.27512237,42,127
10.0,repli,3072,26,7800,0.999303,-0.906804,0.00125553,0.28263516,-0.27471946,49,127
10.0,repli,3072,27,8100,0.999508,-0.906907,0.01153153,0.30726105,-0.28039898,47,127
10.0,repli,3072,28,8400,0.999155,-0.906730,0.01569171,0.35683336,-0.32849584,44,127
10.0,repli,3072,29,8700,0.999324,-0.906814,0.04939480,0.27698411,-0.24073974,32,127
10.0,repli,3073,0,0,0.486386,0.052745,0.22935310,0.51204403,-0.19791036,27,140
10.0,repli,3073,1,300,0.929303,-0.863745,0.20783769,0.72977575,-0.42155821,34,140
10.0,repli,3073,2,600,0.978063,-0.895487,0.08907845,0.63071551,-0.54779151,35,140
10.0,repli,3073,3,900,0.999153,-0.906729,0.19109095,0.75210054,-0.57027922,30,140
10.0,repli,3073,4,1200,0.998595,-0.906448,0.13459936,0.50678858,-0.30302972,35,140
10.0,repli,3073,5,1500,0.999531,-0.906918,0.07398546,0.33447183,-0.23230071,35,140
10.0,repli,3073,6,1800,0.999101,-0.906703,0.17558164,0.50512882,-0.27166095,30,140
10.0,repli,3073,7,2100,0.999506,-0.906906,0.09662141,0.51257150,-0.41866004,33,140
10.0,repli,3073,8,2400,0.999142,-0.906723,0.24440052,0.58338198,-0.31152907,25,140
10.0,repli,3073,9,2700,0.999243,-0.906774,0.04616106,0.48517371,-0.44709253,37,140
10.0,repli,3073,10,3000,0.999574,-0.906939,0.07999325,0.51682342,-0.38413880,40,140
10.0,repli,3073,11,3300,0.999053,-0.906679,0.18040754,0.54167310,-0.30988143,30,140
10.0,repli,3073,12,3600,0.999347,-0.906826,0.00400895,0.31012842,-0.30484373,44,140
10.0,repli,3073,13,3900,0.999140,-0.906722,0.03063634,0.33277506,-0.27150239,45,140
10.0,repli,3073,14,4200,0.999475,-0.906890,0.05567229,0.39465289,-0.35309842,34,140
10.0,repli,3073,15,4500,0.999196,-0.906750,0.26603205,0.50317815,-0.29212890,18,140
10.0,repli,3073,16,4800,0.999268,-0.906787,0.02455217,0.39085449,-0.37875352,38,140
10.0,repli,3073,17,5100,0.999389,-0.906847,0.11544925,0.54751933,-0.45236235,31,140
10.0,repli,3073,18,5400,0.999188,-0.906746,0.03235682,0.39571764,-0.32837095,46,140
10.0,repli,3073,19,5700,0.999454,-0.906880,0.05437313,0.35565756,-0.34156448,31,140
10.0,repli,3073,20,6000,0.999299,-0.906802,0.10989335,0.41976742,-0.29733246,31,140
10.0,repli,3073,21,6300,0.999218,-0.906761,0.00451341,0.41261698,-0.41665751,42,140
10.0,repli,3073,22,6600,0.999603,-0.906954,0.10148683,0.55537965,-0.34368776,49,140
10.0,repli,3073,23,6900,0.998999,-0.906651,0.28349547,0.50979761,-0.32368127,16,140
10.0,repli,3073,24,7200,0.999475,-0.906890,0.10941385,0.47209681,-0.35294024,32,140
10.0,repli,3073,25,7500,0.999174,-0.906739,0.35166874,0.59074923,-0.28979275,16,140
10.0,repli,3073,26,7800,0.999318,-0.906811,0.06580465,0.53543218,-0.48639475,35,140
10.0,repli,3073,27,8100,0.999353,-0.906829,0.15843675,0.59172729,-0.37832616,33,140
10.0,repli,3073,28,8400,0.999005,-0.906655,0.05374578,0.49216573,-0.44975213,36,140
10.0,repli,3073,29,8700,0.999766,-0.907035,0.19331987,0.46155086,-0.24657896,25,140
10.0,repli,3074,0,0,0.491689,0.036104,0.25144506,0.50186530,-0.22050079,22,132
10.0,repli,3074,1,300,0.895550,-0.836212,0.16851393,0.71512851,-0.38298114,44,132
10.0,repli,3074,2,600,0.963785,-0.887073,0.09437160,0.47971523,-0.28357048,49,132
10.0,repli,3074,3,900,0.996952,-0.905618,0.10519836,0.42154714,-0.28669639,33,132
10.0,repli,3074,4,1200,0.999272,-0.906788,0.02916839,0.38323805,-0.32490127,45,132
10.0,repli,3074,5,1500,0.999361,-0.906833,0.01519698,0.36238575,-0.34806667,41,132
10.0,repli,3074,6,1800,0.999165,-0.906734,0.08180561,0.35120995,-0.28381457,30,132
10.0,repli,3074,7,2100,0.999178,-0.906741,0.00960621,0.27082669,-0.25672997,43,132
10.0,repli,3074,8,2400,0.999189,-0.906747,0.00708053,0.30174430,-0.29701829,42,132
10.0,repli,3074,9,2700,0.999117,-0.906710,0.02776539,0.36703308,-0.31453149,44,132
10.0,repli,3074,10,3000,0.999376,-0.906840,-0.00185939,0.31412184,-0.32066188,44,132
10.0,repli,3074,11,3300,0.999232,-0.906768,0.01449905,0.29384948,-0.26282710,46,132
10.0,repli,3074,12,3600,0.999311,-0.906808,-0.00152429,0.30648830,-0.30953689,45,132
10.0,repli,3074,13,3900,0.999160,-0.906732,0.03702486,0.34511503,-0.29032094,40,132
10.0,repli,3074,14,4200,0.999344,-0.906824,0.01917664,0.39429382,-0.35594054,45,132
10.0,repli,3074,15,4500,0.999167,-0.906736,0.00495788,0.30912710,-0.30516814,43,132
10.0,repli,3074,16,4800,0.999255,-0.906780,0.03085668,0.31086542,-0.25463570,43,132
10.0,repli,3074,17,5100,0.999235,-0.906770,0.00630992,0.26262150,-0.25502123,43,132
10.0,repli,3074,18,5400,0.999150,-0.906727,0.03012600,0.32103040,-0.27895992,40,132
10.0,repli,3074,19,5700,0.999309,-0.906807,-0.00651977,0.37264402,-0.37810027,50,132
10.0,repli,3074,20,6000,0.999359,-0.906832,0.06310242,0.40935800,-0.33455047,36,132
10.0,repli,3074,21,6300,0.999140,-0.906722,-0.00142763,0.32058134,-0.31801818,48,132
10.0,repli,3074,22,6600,0.999260,-0.906782,0.01368879,0.35349537,-0.34185087,41,132
10.0,repli,3074,23,6900,0.999139,-0.906721,0.01583734,0.35812237,-0.31987319,49,132
10.0,repli,3074,24,7200,0.999371,-0.906838,0.02649830,0.45011402,-0.39167554,47,132
10.0,repli,3074,25,7500,0.999180,-0.906742,0.01447702,0.35205614,-0.31876548,47,132
10.0,repli,3074,26,7800,0.999307,-0.906806,0.00731071,0.29706323,-0.29585740,41,132
10.0,repli,3074,27,8100,0.999285,-0.906795,0.09853313,0.35035598,-0.21342653,33,132
10.0,repli,3074,28,8400,0.999265,-0.906785,-0.00423272,0.25660583,-0.27342324,42,132
10.0,repli,3074,29,8700,0.999133,-0.906719,0.10146362,0.31815444,-0.22604625,27,132
10.0,repli,3075,0,0,0.507324,-0.013006,0.28955423,0.44456818,-0.28205969,12,127
10.0,repli,3075,1,300,0.925737,-0.861069,0.16745894,0.73293834,-0.40909472,43,127
10.0,repli,3075,2,600,0.974900,-0.893681,0.02727129,0.50188256,-0.45157757,44,127
10.0,repli,3075,3,900,0.998632,-0.906467,0.09965664,0.58610117,-0.41719068,40,127
10.0,repli,3075,4,1200,0.999112,-0.906708,0.16803208,0.52892511,-0.35719618,28,127
10.0,repli,3075,5,1500,0.999480,-0.906893,0.02236167,0.39536597,-0.36791278,41,127
10.0,repli,3075,6,1800,0.999304,-0.906804,0.14014905,0.46975965,-0.33955209,28,127
10.0,repli,3075,7,2100,0.999120,-0.906712,0.00365569,0.34863269,-0.33882148,46,127
10.0,repli,3075,8,2400,0.999401,-0.906853,0.01683206,0.34952529,-0.31026297,48,127
10.0,repli,3075,9,2700,0.999147,-0.906725,0.03792952,0.33182697,-0.29959334,36,127
10.0,repli,3075,10,3000,0.999278,-0.906791,0.01263409,0.44191445,-0.45129185,39,127
10.0,repli,3075,11,3300,0.999343,-0.906824,0.09626797,0.41204603,-0.33228797,30,127
10.0,repli,3075,12,3600,0.999180,-0.906742,-0.00079435,0.32171488,-0.32330358,45,127
10.0,repli,3075,13,3900,0.999316,-0.906811,-0.00029979,0.30713352,-0.30550533,46,127
10.0,repli,3075,14,4200,0.999181,-0.906743,0.00980738,0.36350891,-0.33710036,49,127
10.0,repli,3075,15,4500,0.999184,-0.906744,0.02504985,0.32201967,-0.30861122,37,127
10.0,repli,3075,16,4800,0.999249,-0.906777,-0.00455406,0.37277776,-0.37703858,47,127
10.0,repli,3075,17,5100,0.999506,-0.906905,0.00420229,0.33098542,-0.32258084,45,127
10.0,repli,3075,18,5400,0.999024,-0.906664,0.12561529,0.44475098,-0.30749743,30,127
10.0,repli,3075,19,5700,0.999435,-0.906870,0.03924447,0.37750234,-0.29332157,48,127
10.0,repli,3075,20,6000,0.999118,-0.906711,0.08694313,0.44314391,-0.34259309,34,127
10.0,repli,3075,21,6300,0.999480,-0.906892,0.09059220,0.43327865,-0.30296177,36,127
10.0,repli,3075,22,6600,0.999276,-0.906790,0.19274010,0.47763972,-0.31866355,23,127
10.0,repli,3075,23,6900,0.999318,-0.906812,0.01932755,0.29944494,-0.28908693,38,127
10.0,repli,3075,24,7200,0.999278,-0.906791,0.01713024,0.36761104,-0.32745305,48,127
10.0,repli,3075,25,7500,0.999209,-0.906757,-0.00224681,0.30087974,-0.30147932,47,127
10.0,repli,3075,26,7800,0.999226,-0.906765,0.07061483,0.32753305,-0.25690867,32,127
10.0,repli,3075,27,8100,0.999352,-0.906828,0.08106437,0.50979652,-0.42304927,35,127
10.0,repli,3075,28,8400,0.999456,-0.906881,0.12876876,0.57363567,-0.49585982,29,127
10.0,repli,3075,29,8700,0.999137,-0.906721,0.05986677,0.46742889,-0.38058813,39,127
10.0,repli,3076,0,0,0.461934,0.129020,0.22225094,0.44889963,-0.31120267,18,146
10.0,repli,3076,1,300,0.887131,-0.828532,0.15186253,0.70372265,-0.44453612,39,146
10.0,repli,3076,2,600,0.965442,-0.888085,0.03125989,0.51661524,-0.44592842,48,146
10.0,repli,3076,3,900,0.997419,-0.905855,0.12479364,0.49362782,-0.37576702,30,146
10.0,repli,3076,4,1200,0.999178,-0.906741,0.05327136,0.40435014,-0.34118395,37,146
10.0,repli,3076,5,1500,0.999506,-0.906905,0.00659050,0.37311925,-0.35522972,47,146
10.0,repli,3076,6,1800,0.999230,-0.906768,0.11007548,0.42385245,-0.27863331,33,146
10.0,repli,3076,7,2100,0.999166,-0.906735,-0.00440430,0.26068592,-0.26440275,49,146
10.0,repli,3076,8,2400,0.999418,-0.906861,0.00396408,0.27398410,-0.27134398,43,146
10.0,repli,3076,9,2700,0.999144,-0.906724,0.00769822,0.36468438,-0.34328096,48,146
10.0,repli,3076,10,3000,0.999555,-0.906930,0.01385606,0.33136051,-0.29754986,49,146
10.0,repli,3076,11,3300,0.999060,-0.906682,0.09402158,0.51085858,-0.38468966,36,146
10.0,repli,3076,12,3600,0.999655,-0.906980,0.15379427,0.49026794,-0.39802256,25,146
10.0,repli,3076,13,3900,0.999125,-0.906715,0.24354337,0.51600181,-0.36032648,19,146
10.0,repli,3076,14,4200,0.999260,-0.906782,0.01293317,0.38460305,-0.37594507,41,146
10.0,repli,3076,15,4500,0.999376,-0.906840,0.07414244,0.36957488,-0.28211433,34,146
10.0,repli,3076,16,4800,0.999238,-0.906771,0.01211174,0.33209147,-0.33369233,39,146
10.0,repli,3076,17,5100,0.999215,-0.906760,0.06063419,0.32839066,-0.28070608,32,146
10.0,repli,3076,18,5400,0.999194,-0.906749,-0.00386478,0.27632482,-0.27933964,48,146
10.0,repli,3076,19,5700,0.999466,-0.906885,0.01267390,0.39296573,-0.36031340,49,146
10.0,repli,3076,20,6000,0.999156,-0.906730,0.03598131,0.36310288,-0.31754099,39,146
10.0,repli,3076,21,6300,0.999098,-0.906701,-0.00575478,0.31107405,-0.31624704,50,146
10.0,repli,3076,22,6600,0.999134,-0.906719,0.00083538,0.30176644,-0.29407706,50,146
10.0,repli,3076,23,6900,0.999503,-0.906904,-0.00797710,0.34516666,-0.35517854,48,146
10.0,repli,3076,24,7200,0.999137,-0.906720,0.12141867,0.37283443,-0.25857502,27,146
10.0,repli,3076,25,7500,0.999331,-0.906818,0.01575097,0.33301789,-0.30772926,43,146
10.0,repli,3076,26,7800,0.999118,-0.906711,0.15525003,0.39641774,-0.25806700,24,146
10.0,repli,3076,27,8100,0.999245,-0.906775,-0.00057676,0.30316154,-0.30211406,46,146
10.0,repli,3076,28,8400,0.999130,-0.906717,0.01951205,0.31645919,-0.27743509,45,146
10.0,repli,3076,29,8700,0.999245,-0.906775,0.03524723,0.33479083,-0.28847138,39,146
10.0,repli,3077,0,0,0.462825,0.126262,0.29382165,0.47067529,-0.12243145,18,142
10.0,repli,3077,1,300,0.857535,-0.798690,0.20397093,0.73009781,-0.32685351,44,142
10.0,repli,3077,2,600,0.964311,-0.887395,0.16691162,0.59442246,-0.45526934,28,142
10.0,repli,3077,3,900,0.999083,-0.906694,0.40022016,0.80625741,-0.55545287,18,142
10.0,repli,3077,4,1200,0.999123,-0.906714,0.04833009,0.43960309,-0.34294291,45,142
10.0,repli,3077,5,1500,0.999340,-0.906822,0.05382395,0.40893530,-0.33716028,38,142
10.0,repli,3077,6,1800,0.999270,-0.906787,0.00909394,0.38690663,-0.37611779,43,142
10.0,repli,3077,7,2100,0.999529,-0.906917,0.00625796,0.34805348,-0.33858930,44,142
10.0,repli,3077,8,2400,0.999180,-0.906742,0.13974625,0.47631833,-0.33282776,29,142
10.0,repli,3077,9,2700,0.999439,-0.906872,0.05692639,0.46111691,-0.40726116,36,142
10.0,repli,3077,10,3000,0.999277,-0.906791,0.18522992,0.49480315,-0.34532156,24,142
10.0,repli,3077,11,3300,0.999312,-0.906808,-0.00699757,0.38980692,-0.41157302,43,142
10.0,repli,3077,12,3600,0.999493,-0.906899,0.00742584,0.44684768,-0.42460189,48,142
10.0,repli,3077,13,3900,0.999220,-0.906762,0.19146226,0.48495893,-0.25213318,27,142
10.0,repli,3077,14,4200,0.999395,-0.906850,0.01971663,0.38252949,-0.35471339,42,142
10.0,repli,3077,15,4500,0.999342,-0.906824,0.05483695,0.32411820,-0.28844715,32,142
10.0,repli,3077,16,4800,0.999089,-0.906697,0.08928014,0.40120081,-0.29712905,33,142
10.0,repli,3077,17,5100,0.999435,-0.906870,0.04894948,0.33817405,-0.30934364,33,142
10.0,repli,3077,18,5400,0.999097,-0.906700,0.22849513,0.44558255,-0.35395819,16,142
10.0,repli,3077,19,5700,0.999328,-0.906816,0.00934272,0.39395524,-0.37526980,45,142
10.0,repli,3077,20,6000,0.999259,-0.906782,0.13173327,0.42163052,-0.27530557,29,142
10.0,repli,3077,21,6300,0.999248,-0.906776,0.02739487,0.36689435,-0.38200157,34,142
10.0,repli,3077,22,6600,0.999072,-0.906688,0.14395259,0.40848015,-0.24102947,28,142
10.0,repli,3077,23,6900,0.999392,-0.906848,0.02277165,0.32732819,-0.31255079,38,142
10.0,repli,3077,24,7200,0.999160,-0.906732,0.16466676,0.42417734,-0.30116279,23,142
10.0,repli,3077,25,7500,0.999382,-0.906843,0.07398036,0.47511866,-0.39768776,35,142
10.0,repli,3077,26,7800,0.999424,-0.906864,0.19862170,0.61846579,-0.43593717,27,142
10.0,repli,3077,27,8100,0.999242,-0.906773,0.01774005,0.42971999,-0.38730754,48,142
10.0,repli,3077,28,8400,0.999348,-0.906827,0.05936462,0.43822728,-0.39749918,34,142
10.0,repli,3077,29,8700,0.999057,-0.906680,0.02129581,0.43360096,-0.39469065,44,142
10.0,repli,3078,0,0,0.544847,-0.129966,0.30617553,0.46183580,-0.32521052,11,117
10.0,repli,3078,1,300,0.951142,-0.879035,0.15997708,0.71016005,-0.37963814,49,117
10.0,repli,3078,2,600,0.980910,-0.897085,0.05535043,0.48080422,-0.38372627,42,117
10.0,repli,3078,3,900,0.994369,-0.904296,0.03395633,0.28771796,-0.25115809,37,117
10.0,repli,3078,4,1200,0.998409,-0.906355,-0.00169973,0.34766876,-0.36225490,42,117
10.0,repli,3078,5,1500,0.999474,-0.906889,0.04061001,0.41155261,-0.32764460,46,117
10.0,repli,3078,6,1800,0.999203,-0.906754,0.07955065,0.39734115,-0.27034264,38,117
10.0,repli,3078,7,2100,0.999494,-0.906900,0.02903353,0.34658296,-0.31414411,39,117
10.0,repli,3078,8,2400,0.999279,-0.906792,0.04488841,0.29598562,-0.23157430,38,117
10.0,repli,3078,9,2700,0.999203,-0.906754,0.00261175,0.27659764,-0.26938875,46,117
10.0,repli,3078,10,3000,0.999166,-0.906735,0.03007994,0.29397902,-0.26047789,38,117
10.0,repli,3078,11,3300,0.999295,-0.906800,0.02214447,0.31197578,-0.31070868,36,117
10.0,repli,3078,12,3600,0.999330,-0.906817,0.07389128,0.31452184,-0.22420329,33,117
10.0,repli,3078,13,3900,0.999380,-0.906842,-0.00260425,0.29364958,-0.29387304,48,117
10.0,repli,3078,14,4200,0.999280,-0.906792,0.04563819,0.29843761,-0.25160948,35,117
10.0,repli,3078,15,4500,0.999209,-0.906757,-0.00747487,0.24084467,-0.25082801,50,117
10.0,repli,3078,16,4800,0.999260,-0.906782,-0.00516962,0.34546775,-0.34907206,49,117
10.0,repli,3078,17,5100,0.999586,-0.906946,0.02304535,0.36814158,-0.33310076,42,117
10.0,repli,3078,18,5400,0.999196,-0.906750,0.20403204,0.49869736,-0.24132971,27,117
10.0,repli,3078,19,5700,0.999210,-0.906757,0.00867025,0.26601464,-0.24867413,45,117
10.0,repli,3078,20,6000,0.999233,-0.906769,-0.00561451,0.28379519,-0.29015433,48,117
10.0,repli,3078,21,6300,0.999337,-0.906821,0.00375869,0.32448561,-0.31464412,46,117
10.0,repli,3078,22,6600,0.999274,-0.906789,0.09407817,0.42774611,-0.31927168,33,117
10.0,repli,3078,23,6900,0.999405,-0.906855,0.01028287,0.31599708,-0.29150406,47,117
10.0,repli,3078,24,7200,0.999170,-0.906737,0.01093337,0.27232816,-0.25046141,45,117
10.0,repli,3078,25,7500,0.999363,-0.906834,0.01271179,0.31286435,-0.31166494,39,117
10.0,repli,3078,26,7800,0.999155,-0.906730,0.15744097,0.41565243,-0.23282384,27,117
10.0,repli,3078,27,8100,0.999504,-0.906905,0.11252145,0.35706136,-0.24337145,28,117
10.0,repli,3078,28,8400,0.999157,-0.906731,0.31249045,0.48664492,-0.27556962,13,117
10.0,repli,3078,29,8700,0.999375,-0.906840,0.01765189,0.31052566,-0.30480759,38,117
10.0,repli,3079,0,0,0.494991,0.025736,0.17142759,0.49107694,-0.37639252,24,138
10.0,repli,3079,1,300,0.926575,-0.861702,0.14504242,0.67141033,-0.40569640,41,138
10.0,repli,3079,2,600,0.979109,-0.896077,0.05633295,0.45420768,-0.34154178,45,138
10.0,repli,3079,3,900,0.997108,-0.905697,0.12140826,0.48815457,-0.41233861,28,138
10.0,repli,3079,4,1200,0.998819,-0.906561,0.02093286,0.36628346,-0.31778436,49,138
10.0,repli,3079,5,1500,0.999201,-0.906753,0.01837139,0.29840827,-0.27463123,41,138
10.0,repli,3079,6,1800,0.999171,-0.906738,-0.00569772,0.30200141,-0.32324929,42,138
10.0,repli,3079,7,2100,0.999147,-0.906726,0.01924472,0.32150152,-0.29700660,41,138
10.0,repli,3079,8,2400,0.999323,-0.906814,-0.00017179,0.35547871,-0.35899773,44,138
10.0,repli,3079,9,2700,0.999224,-0.906764,0.05323809,0.35631304,-0.33312676,32,138
10.0,repli,3079,10,3000,0.999368,-0.906837,-0.00001093,0.31864861,-0.32151563,44,138
10.0,repli,3079,11,3300,0.999160,-0.906732,0.01489819,0.41710615,-0.37958429,49,138
10.0,repli,3079,12,3600,0.999457,-0.906881,0.00624397,0.35513272,-0.33566700,50,138
10.0,repli,3079,13,3900,0.999124,-0.906714,0.04481327,0.31847525,-0.22884871,45,138
10.0,repli,3079,14,4200,0.999396,-0.906850,0.02138409,0.31573581,-0.32472178,35,138
10.0,repli,3079,15,4500,0.999334,-0.906820,0.14028879,0.43997125,-0.31265592,27,138
10.0,repli,3079,16,4800,0.999197,-0.906751,0.01199382,0.37230418,-0.35153360,44,138
10.0,repli,3079,17,5100,0.999258,-0.906781,0.01006933,0.36446734,-0.33977599,47,138
10.0,repli,3079,18,5400,0.999180,-0.906742,-0.00077923,0.36286202,-0.35974905,47,138
10.0,repli,3079,19,5700,0.999327,-0.906816,0.01339810,0.27196623,-0.26603807,39,138
10.0,repli,3079,20,6000,0.999097,-0.906701,0.01259709,0.28426425,-0.26149567,44,138
10.0,repli,3079,21,6300,0.999269,-0.906787,-0.00126989,0.28302825,-0.28010733,49,138
10.0,repli,3079,22,6600,0.999166,-0.906735,0.09064347,0.39171670,-0.27241543,34,138
10.0,repli,3079,23,6900,0.999181,-0.906743,-0.00713405,0.28187093,-0.29242639,47,138
10.0,repli,3079,24,7200,0.999297,-0.906801,0.01448635,0.33771187,-0.31162511,44,138
10.0,repli,3079,25,7500,0.999256,-0.906780,-0.00642239,0.30050927,-0.32756503,41,138
10.0,repli,3079,26,7800,0.999300,-0.906802,0.01678511,0.30301277,-0.27504798,43,138
10.0,repli,3079,27,8100,0.999193,-0.906749,-0.00088460,0.32538671,-0.32715591,45,138
10.0,repli,3079,28,8400,0.999238,-0.906772,0.02708652,0.32377486,-0.29957288,38,138
10.0,repli,3079,29,8700,0.999493,-0.906899,0.01080768,0.32385800,-0.29997417,46,138
10.0,repli,3080,0,0,0.536103,-0.102936,0.25385215,0.45302189,-0.41867591,13,114
10.0,repli,3080,1,300,0.932426,-0.866046,0.15369227,0.71282608,-0.39825877,47,114
10.0,repli,3080,2,600,0.978448,-0.895705,0.00815964,0.34756533,-0.32688596,47,114
10.0,repli,3080,3,900,0.996151,-0.905210,0.17560063,0.42235463,-0.26733046,23,114
10.0,repli,3080,4,1200,0.999345,-0.906825,0.05201042,0.40981146,-0.35890171,36,114
10.0,repli,3080,5,1500,0.999270,-0.906788,0.13232455,0.39234448,-0.35771299,22,114
10.0,repli,3080,6,1800,0.999148,-0.906726,0.00247980,0.29264950,-0.28396231,47,114
10.0,repli,3080,7,2100,0.999369,-0.906837,-0.00208755,0.25347178,-0.25579500,46,114
10.0,repli,3080,8,2400,0.999200,-0.906752,0.10730010,0.34884069,-0.22050498,30,114
10.0,repli,3080,9,2700,0.999239,-0.906772,0.01195929,0.30395172,-0.29355244,41,114
10.0,repli,3080,10,3000,0.999431,-0.906868,0.04455441,0.36845717,-0.28569162,43,114
10.0,repli,3080,11,3300,0.999088,-0.906696,0.00192452,0.32291186,-0.32934073,42,114
10.0,repli,3080,12,3600,0.999329,-0.906817,0.00409418,0.28684434,-0.27389817,48,114
10.0,repli,3080,13,3900,0.999244,-0.906774,0.05623401,0.33408350,-0.27046813,35,114
10.0,repli,3080,14,4200,0.999191,-0.906748,-0.00620051,0.29988120,-0.31006424,46,114
10.0,repli,3080,15,4500,0.999251,-0.906778,0.03691245,0.27516775,-0.24323389,35,114
10.0,repli,3080,16,4800,0.999205,-0.906754,0.01006563,0.29419022,-0.30916316,37,114
10.0,repli,3080,17,5100,0.999472,-0.906888,-0.00334209,0.29961898,-0.30630315,45,114
10.0,repli,3080,18,5400,0.999346,-0.906825,0.02999457,0.34292484,-0.28293571,45,114
10.0,repli,3080,19,5700,0.999259,-0.906782,0.01546030,0.28315034,-0.30734239,34,114
10.0,repli,3080,20,6000,0.999069,-0.906686,0.02477372,0.28398873,-0.23444128,45,114
10.0,repli,3080,21,6300,0.999403,-0.906854,0.02311623,0.33513001,-0.32744751,37,114
10.0,repli,3080,22,6600,0.999450,-0.906877,0.18852201,0.45335674,-0.24580696,25,114
10.0,repli,3080,23,6900,0.999226,-0.906765,-0.00865680,0.34463882,-0.35741390,47,114
10.0,repli,3080,24,7200,0.999259,-0.906782,0.05191052,0.34959183,-0.27584217,38,114
10.0,repli,3080,25,7500,0.999375,-0.906840,0.02645133,0.29301835,-0.27968424,36,114
10.0,repli,3080,26,7800,0.999191,-0.906748,0.04517327,0.30669057,-0.24276216,38,114
10.0,repli,3080,27,8100,0.999344,-0.906824,-0.00891983,0.31691829,-0.32849935,49,114
10.0,repli,3080,28,8400,0.999253,-0.906779,0.04532326,0.31130182,-0.26013650,36,114
10.0,repli,3080,29,8700,0.999330,-0.906817,-0.00603228,0.27179558,-0.27852372,49,114
50.0,canon,0,0,0,0.137684,0.823824,0.06216543,0.55129969,-0.44961582,41,903
50.0,canon,0,1,300,0.277399,0.613937,0.24844682,0.58198355,-0.44989569,20,903
50.0,canon,0,2,600,0.398647,0.318068,0.31843310,0.63696352,-0.43127873,18,903
50.0,canon,0,3,900,0.559824,-0.175762,0.33119786,0.80069700,-0.70938797,19,903
50.0,canon,0,4,1200,0.647726,-0.423417,0.05485981,0.86426918,-0.78046660,42,903
50.0,canon,0,5,1500,0.806121,-0.735037,0.03254724,0.84806213,-0.79024903,44,903
50.0,canon,0,6,1800,0.850577,-0.790991,0.33145349,0.69864904,-0.39696157,21,903
50.0,canon,0,7,2100,0.937438,-0.869658,0.12632050,0.59237590,-0.33189262,48,903
50.0,canon,0,8,2400,0.965417,-0.888070,0.45522069,0.79974096,-0.53780832,15,903
50.0,canon,0,9,2700,0.984635,-0.899137,0.28579514,0.55960104,-0.40095121,17,903
50.0,canon,0,10,3000,0.996006,-0.905136,0.56365829,0.67199578,-0.45699489,5,903
50.0,canon,0,11,3300,0.998159,-0.906229,0.06673546,0.41427641,-0.38999087,31,903
50.0,canon,0,12,3600,0.999206,-0.906755,0.08713429,0.36607550,-0.25841975,33,903
50.0,canon,0,13,3900,0.999576,-0.906940,-0.00131814,0.24184165,-0.25967541,40,903
50.0,canon,0,14,4200,0.999840,-0.907073,0.01002680,0.35117406,-0.32864838,46,903
50.0,canon,0,15,4500,0.999808,-0.907057,0.04020303,0.30812720,-0.23296812,43,903
50.0,canon,0,16,4800,0.999859,-0.907082,-0.00147468,0.31978705,-0.32902794,43,903
50.0,canon,0,17,5100,0.999832,-0.907069,0.01943411,0.31288959,-0.27402137,45,903
50.0,canon,0,18,5400,0.999852,-0.907078,0.00143608,0.36639809,-0.37067328,43,903
50.0,canon,0,19,5700,0.999857,-0.907081,0.03232538,0.37984625,-0.33128574,41,903
50.0,canon,0,20,6000,0.999856,-0.907080,0.01060573,0.32538716,-0.29788007,50,903
50.0,canon,0,21,6300,0.999833,-0.907069,0.00010019,0.33179405,-0.32601228,48,903
50.0,canon,0,22,6600,0.999867,-0.907086,0.01479316,0.35109951,-0.31907619,46,903
50.0,canon,0,23,6900,0.999824,-0.907064,0.01718204,0.35360548,-0.31358043,48,903
50.0,canon,0,24,7200,0.999836,-0.907071,-0.00742364,0.30696640,-0.31652347,48,903
50.0,canon,0,25,7500,0.999865,-0.907085,0.04460806,0.40513934,-0.33261587,41,903
50.0,canon,0,26,7800,0.999810,-0.907057,0.01499069,0.31032521,-0.28034384,45,903
50.0,canon,0,27,8100,0.999910,-0.907107,0.14195268,0.50395750,-0.42739586,26,903
50.0,canon,0,28,8400,0.999844,-0.907075,0.34480279,0.66181808,-0.45031921,17,903
50.0,canon,0,29,8700,0.999829,-0.907067,0.02905354,0.43423969,-0.38910655,42,903
50.0,canon,1,0,0,0.144789,0.816148,0.16837812,0.59711057,-0.45558073,28,859
50.0,canon,1,1,300,0.284212,0.600163,0.27552231,0.60558882,-0.31695731,23,859
50.0,canon,1,2,600,0.417617,0.263185,0.31358753,0.69827496,-0.44952659,21,859
50.0,canon,1,3,900,0.582629,-0.243910,0.34566536,0.80190359,-0.66552931,19,859
50.0,canon,1,4,1200,0.672981,-0.485585,0.06389453,0.84014451,-0.73721074,42,859
50.0,canon,1,5,1500,0.856802,-0.797891,0.03779589,0.80364647,-0.73489264,44,859
50.0,canon,1,6,1800,0.900261,-0.840362,0.32829620,0.64259258,-0.46000636,17,859
50.0,canon,1,7,2100,0.954416,-0.881172,0.07446172,0.44114979,-0.32182033,39,859
50.0,canon,1,8,2400,0.975755,-0.894173,0.36074835,0.64403277,-0.30600643,18,859
50.0,canon,1,9,2700,0.987801,-0.900847,0.12993900,0.52269938,-0.42152785,29,859
50.0,canon,1,10,3000,0.997035,-0.905660,0.22924372,0.58944185,-0.36148122,25,859
50.0,canon,1,11,3300,0.998567,-0.906434,0.01572272,0.44900513,-0.41199365,47,859
50.0,canon,1,12,3600,0.999482,-0.906894,0.04994480,0.44050134,-0.36502153,40,859
50.0,canon,1,13,3900,0.999754,-0.907030,0.08422130,0.48147526,-0.36211422,37,859
50.0,canon,1,14,4200,0.999880,-0.907092,0.01040418,0.38749821,-0.35944675,49,859
50.0,canon,1,15,4500,0.999850,-0.907077,0.00759599,0.31097227,-0.29067541,48,859
50.0,canon,1,16,4800,0.999842,-0.907074,0.00690745,0.30836309,-0.30045186,43,859
50.0,canon,1,17,5100,0.999905,-0.907105,0.02055004,0.37391741,-0.36133626,39,859
50.0,canon,1,18,5400,0.999892,-0.907098,0.15273669,0.46634932,-0.28760042,29,859
50.0,canon,1,19,5700,0.999864,-0.907085,0.00396278,0.36837090,-0.35780470,46,859
50.0,canon,1,20,6000,0.999886,-0.907095,0.03028886,0.39203596,-0.36065348,39,859
50.0,canon,1,21,6300,0.999846,-0.907076,0.01681534,0.33414842,-0.30673234,43,859
50.0,canon,1,22,6600,0.999861,-0.907083,0.04625151,0.42193920,-0.40678365,34,859
50.0,canon,1,23,6900,0.999898,-0.907102,0.05793407,0.45060902,-0.34243096,43,859
50.0,canon,1,24,7200,0.999821,-0.907063,0.11392010,0.47749916,-0.37950864,30,859
50.0,canon,1,25,7500,0.999939,-0.907122,0.19041547,0.45015878,-0.29910077,22,859
50.0,canon,1,26,7800,0.999724,-0.907015,0.41410837,0.59247511,-0.18817510,13,859
50.0,canon,1,27,8100,0.999844,-0.907074,0.02767683,0.29470206,-0.28629788,35,859
50.0,canon,1,28,8400,0.999881,-0.907093,0.01835326,0.34166972,-0.32517047,40,859
50.0,canon,1,29,8700,0.999870,-0.907087,0.00107742,0.30971451,-0.30138692,50,859
50.0,canon,2,0,0,0.139112,0.822303,0.08725151,0.59475102,-0.46120635,39,904
50.0,canon,2,1,300,0.280776,0.607155,0.23704926,0.58394801,-0.45110252,21,904
50.0,canon,2,2,600,0.401821,0.309017,0.31446766,0.62447675,-0.37262853,19,904
50.0,canon,2,3,900,0.563695,-0.187476,0.32913702,0.77243259,-0.65337188,19,904
50.0,canon,2,4,1200,0.651137,-0.432079,0.10899202,0.79920682,-0.66650029,37,904
50.0,canon,2,5,1500,0.817471,-0.750485,0.04797179,0.77538800,-0.72490794,40,904
50.0,canon,2,6,1800,0.863431,-0.805003,0.38543015,0.75022043,-0.47316162,18,904
50.0,canon,2,7,2100,0.925775,-0.861098,0.20629547,0.45141143,-0.37062381,18,904
50.0,canon,2,8,2400,0.957939,-0.883427,0.50152275,0.69792913,-0.29513682,11,904
50.0,canon,2,9,2700,0.972087,-0.892048,0.08798263,0.46539513,-0.46128734,28,904
50.0,canon,2,10,3000,0.988046,-0.900978,0.08972950,0.44627930,-0.36480596,32,904
50.0,canon,2,11,3300,0.992778,-0.903473,0.01344861,0.36884451,-0.34890730,43,904
50.0,canon,2,12,3600,0.997289,-0.905789,0.00874949,0.31767940,-0.29424659,49,904
50.0,canon,2,13,3900,0.998663,-0.906483,0.15988637,0.48568642,-0.35252058,26,904
50.0,canon,2,14,4200,0.999464,-0.906884,0.01936242,0.35128537,-0.32318861,42,904
50.0,canon,2,15,4500,0.999759,-0.907032,0.15006375,0.40304862,-0.24782201,26,904
50.0,canon,2,16,4800,0.999837,-0.907071,-0.00058362,0.29179947,-0.28921068,47,904
50.0,canon,2,17,5100,0.999861,-0.907083,0.00111612,0.26381355,-0.25632737,50,904
50.0,canon,2,18,5400,0.999835,-0.907070,0.00542296,0.26849396,-0.26982826,41,904
50.0,canon,2,19,5700,0.999882,-0.907093,-0.00001289,0.32284162,-0.32575003,44,904
50.0,canon,2,20,6000,0.999855,-0.907080,0.03971615,0.29689905,-0.25564234,36,904
50.0,canon,2,21,6300,0.999888,-0.907096,-0.00295084,0.35548459,-0.35535490,48,904
50.0,canon,2,22,6600,0.999875,-0.907090,0.05522150,0.36240226,-0.27675064,39,904
50.0,canon,2,23,6900,0.999860,-0.907083,-0.00306715,0.35669086,-0.35820362,47,904
50.0,canon,2,24,7200,0.999868,-0.907087,-0.00320474,0.38937606,-0.39074236,47,904
50.0,canon,2,25,7500,0.999844,-0.907075,0.02198738,0.32850700,-0.29434691,42,904
50.0,canon,2,26,7800,0.999870,-0.907088,0.02269661,0.34850149,-0.30074737,46,904
50.0,canon,2,27,8100,0.999853,-0.907079,0.02845724,0.42030681,-0.36689099,44,904
50.0,canon,2,28,8400,0.999882,-0.907093,0.08707324,0.43694506,-0.34635007,33,904
50.0,canon,2,29,8700,0.999857,-0.907081,0.01028055,0.41305066,-0.38475328,49,904
50.0,canon,3,0,0,0.133393,0.828327,0.11009653,0.55913953,-0.40560129,36,964
50.0,canon,3,1,300,0.268518,0.631363,0.24055092,0.60395169,-0.44431976,22,964
50.0,canon,3,2,600,0.377454,0.377032,0.35534765,0.63576611,-0.39702508,16,964
50.0,canon,3,3,900,0.535263,-0.100332,0.41746330,0.75589549,-0.63549932,14,964
50.0,canon,3,4,1200,0.634709,-0.389623,0.09948028,0.78544444,-0.62935664,40,964
50.0,canon,3,5,1500,0.814129,-0.746022,0.03867925,0.76935609,-0.69852150,44,964
50.0,canon,3,6,1800,0.869860,-0.811674,0.48434307,0.72236409,-0.39335944,12,964
50.0,canon,3,7,2100,0.930435,-0.864584,0.15789047,0.50316923,-0.23004822,37,964
50.0,canon,3,8,2400,0.956721,-0.882652,0.26031766,0.53277955,-0.28017184,21,964
50.0,canon,3,9,2700,0.970113,-0.890886,0.00570534,0.37426444,-0.37465491,42,964
50.0,canon,3,10,3000,0.981426,-0.897372,0.08107212,0.41468341,-0.27946367,39,964
50.0,canon,3,11,3300,0.988060,-0.900985,-0.00760108,0.37706318,-0.38947793,46,964
50.0,canon,3,12,3600,0.995918,-0.905091,-0.00245077,0.42929746,-0.43107038,46,964
50.0,canon,3,13,3900,0.997798,-0.906046,0.10650894,0.39884504,-0.31894448,28,964
50.0,canon,3,14,4200,0.999556,-0.906930,0.00784778,0.32257435,-0.31695625,42,964
50.0,canon,3,15,4500,0.999848,-0.907077,0.08542617,0.43804060,-0.36409240,32,964
50.0,canon,3,16,4800,0.999847,-0.907076,-0.00393871,0.32845315,-0.32968272,50,964
50.0,canon,3,17,5100,0.999826,-0.907066,0.01942444,0.31720129,-0.29696347,40,964
50.0,canon,3,18,5400,0.999854,-0.907079,-0.00059221,0.32891019,-0.34064517,42,964
50.0,canon,3,19,5700,0.999867,-0.907086,0.15100605,0.43686460,-0.31780197,25,964
50.0,canon,3,20,6000,0.999874,-0.907090,-0.00396055,0.36177464,-0.36704548,46,964
50.0,canon,3,21,6300,0.999872,-0.907088,0.06441478,0.35091736,-0.23999421,40,964
50.0,canon,3,22,6600,0.999864,-0.907085,0.01148725,0.37009946,-0.41017765,35,964
50.0,canon,3,23,6900,0.999842,-0.907073,0.04766387,0.38211670,-0.31378137,39,964
50.0,canon,3,24,7200,0.999833,-0.907069,0.02949706,0.44643934,-0.43895934,37,964
50.0,canon,3,25,7500,0.999907,-0.907106,0.10839603,0.59231462,-0.40576747,40,964
50.0,canon,3,26,7800,0.999829,-0.907067,0.09747061,0.46397346,-0.31431444,37,964
50.0,canon,3,27,8100,0.999874,-0.907089,0.00066288,0.25500516,-0.25183634,46,964
50.0,canon,3,28,8400,0.999815,-0.907060,0.02631589,0.34687431,-0.29424253,45,964
50.0,canon,3,29,8700,0.999859,-0.907082,0.03946324,0.43452154,-0.35273232,46,964
50.0,canon,4,0,0,0.136955,0.824596,0.07453162,0.51988952,-0.41581574,38,924
50.0,canon,4,1,300,0.278095,0.612545,0.19358985,0.55681704,-0.40210274,25,924
50.0,canon,4,2,600,0.399959,0.314333,0.31851938,0.60967707,-0.36676641,18,924
50.0,canon,4,3,900,0.558463,-0.171629,0.39717925,0.73441263,-0.50762996,16,924
50.0,canon,4,4,1200,0.656742,-0.446134,0.08085570,0.74721364,-0.59145186,44,924
50.0,canon,4,5,1500,0.855959,-0.796970,0.04324532,0.76790492,-0.68141427,45,924
50.0,canon,4,6,1800,0.909998,-0.848614,0.43687261,0.73800738,-0.43110407,15,924
50.0,canon,4,7,2100,0.944947,-0.874885,0.01099014,0.40167961,-0.38735052,43,924
50.0,canon,4,8,2400,0.966234,-0.888565,0.06449981,0.36738813,-0.28334851,36,924
50.0,canon,4,9,2700,0.975302,-0.893913,0.00003240,0.26020318,-0.26013838,45,924
50.0,canon,4,10,3000,0.983608,-0.898575,0.01807376,0.30678909,-0.27988614,42,924
50.0,canon,4,11,3300,0.988748,-0.901352,-0.00319487,0.27501344,-0.27672178,48,924
50.0,canon,4,12,3600,0.993097,-0.903638,0.01003819,0.29529884,-0.29305126,40,924
50.0,canon,4,13,3900,0.996615,-0.905447,0.11219618,0.34013112,-0.23230823,27,924
50.0,canon,4,14,4200,0.998335,-0.906318,0.03623352,0.33857503,-0.32835477,34,924
50.0,canon,4,15,4500,0.999083,-0.906694,0.07900536,0.33554451,-0.25812955,31,924
50.0,canon,4,16,4800,0.999309,-0.906807,-0.00805469,0.28426039,-0.29661462,47,924
50.0,canon,4,17,5100,0.999569,-0.906937,0.00258673,0.29403169,-0.29819021,42,924
50.0,canon,4,18,5400,0.999763,-0.907034,0.00382229,0.26641401,-0.26391198,43,924
50.0,canon,4,19,5700,0.999854,-0.907080,-0.00306025,0.29303146,-0.29915195,45,924
50.0,canon,4,20,6000,0.999872,-0.907089,0.06875026,0.43322011,-0.33253786,38,924
50.0,canon,4,21,6300,0.999863,-0.907084,0.00323881,0.27971122,-0.29051313,40,924
50.0,canon,4,22,6600,0.999877,-0.907091,-0.00295731,0.26338972,-0.26737428,46,924
50.0,canon,4,23,6900,0.999838,-0.907072,0.06933663,0.34478085,-0.24699384,36,924
50.0,canon,4,24,7200,0.999827,-0.907066,-0.00300416,0.27623001,-0.29969047,40,924
50.0,canon,4,25,7500,0.999858,-0.907082,0.06602508,0.36510733,-0.31524981,32,924
50.0,canon,4,26,7800,0.999831,-0.907068,-0.00680835,0.31161696,-0.31911744,49,924
50.0,canon,4,27,8100,0.999847,-0.907076,-0.00183180,0.24577517,-0.24527230,48,924
50.0,canon,4,28,8400,0.999851,-0.907078,-0.00107307,0.39155232,-0.38709178,48,924
50.0,canon,4,29,8700,0.999877,-0.907091,0.00511945,0.37191473,-0.35696388,47,924
50.0,canon,5,0,0,0.144746,0.816196,0.04125408,0.52975798,-0.44370994,46,818
50.0,canon,5,1,300,0.304698,0.556627,0.17377216,0.58844501,-0.50629131,25,818
50.0,canon,5,2,600,0.445914,0.178298,0.18537310,0.58175892,-0.43804867,26,818
50.0,canon,5,3,900,0.618946,-0.347205,0.24498396,0.73842042,-0.64074979,23,818
50.0,canon,5,4,1200,0.715456,-0.579484,0.04789774,0.73172548,-0.62442329,48,818
50.0,canon,5,5,1500,0.872854,-0.814706,0.03834683,0.78413374,-0.70744007,45,818
50.0,canon,5,6,1800,0.908024,-0.846976,0.27629068,0.72709075,-0.53290943,23,818
50.0,canon,5,7,2100,0.953955,-0.880873,0.18881831,0.44592231,-0.27269134,23,818
50.0,canon,5,8,2400,0.976730,-0.894730,0.46666530,0.62955875,-0.26635522,10,818
50.0,canon,5,9,2700,0.984205,-0.898902,0.05873564,0.42526987,-0.38326151,34,818
50.0,canon,5,10,3000,0.991758,-0.902940,0.06101353,0.52790565,-0.43505935,40,818
50.0,canon,5,11,3300,0.995386,-0.904819,0.01080590,0.27902809,-0.25290293,48,818
50.0,canon,5,12,3600,0.997050,-0.905668,0.00873035,0.34156780,-0.35772989,38,818
50.0,canon,5,13,3900,0.998512,-0.906407,0.11434071,0.38759485,-0.28334166,28,818
50.0,canon,5,14,4200,0.999455,-0.906880,0.01784172,0.34714672,-0.34472924,38,818
50.0,canon,5,15,4500,0.999824,-0.907064,0.00569718,0.30727449,-0.29080550,48,818
50.0,canon,5,16,4800,0.999797,-0.907051,0.02631143,0.44194024,-0.38232363,48,818
50.0,canon,5,17,5100,0.999865,-0.907085,0.04652683,0.49146594,-0.41265910,42,818
50.0,canon,5,18,5400,0.999860,-0.907083,0.02744261,0.34796618,-0.30334403,42,818
50.0,canon,5,19,5700,0.999863,-0.907084,0.05493069,0.30573097,-0.23309775,36,818
50.0,canon,5,20,6000,0.999843,-0.907074,-0.00269991,0.29050275,-0.29377792,46,818
50.0,canon,5,21,6300,0.999844,-0.907075,0.02652543,0.29660636,-0.26535271,39,818
50.0,canon,5,22,6600,0.999880,-0.907092,0.02868192,0.34621409,-0.36467883,33,818
50.0,canon,5,23,6900,0.999863,-0.907084,0.05274094,0.42419795,-0.34869495,39,818
50.0,canon,5,24,7200,0.999844,-0.907075,0.00755145,0.48818637,-0.46960061,46,818
50.0,canon,5,25,7500,0.999888,-0.907096,0.08490045,0.49736006,-0.33563671,43,818
50.0,canon,5,26,7800,0.999802,-0.907053,0.12410650,0.44493751,-0.31130702,30,818
50.0,canon,5,27,8100,0.999913,-0.907109,0.09348374,0.42067906,-0.35056706,30,818
50.0,canon,5,28,8400,0.999831,-0.907068,0.24032262,0.40783814,-0.28086769,14,818
50.0,canon,5,29,8700,0.999876,-0.907090,0.10872264,0.36175534,-0.32492879,24,818
50.0,canon,6,0,0,0.138370,0.823095,0.12055537,0.54035723,-0.41461485,32,904
50.0,canon,6,1,300,0.275755,0.617207,0.22974540,0.57496022,-0.42085175,22,904
50.0,canon,6,2,600,0.397975,0.319977,0.30924204,0.66050044,-0.38755807,21,904
50.0,canon,6,3,900,0.554235,-0.158754,0.36291405,0.79758752,-0.66015885,18,904
50.0,canon,6,4,1200,0.638091,-0.398512,0.08454477,0.86617696,-0.74593944,40,904
50.0,canon,6,5,1500,0.799940,-0.726272,0.05668014,0.82919448,-0.76411635,40,904
50.0,canon,6,6,1800,0.847204,-0.787160,0.24665946,0.70344423,-0.39470274,29,904
50.0,canon,6,7,2100,0.941804,-0.872723,0.15799357,0.65668640,-0.33708554,46,904
50.0,canon,6,8,2400,0.970275,-0.890982,0.51075341,0.71091260,-0.38996294,10,904
50.0,canon,6,9,2700,0.987134,-0.900489,0.31277485,0.62285776,-0.41705442,18,904
50.0,canon,6,10,3000,0.997503,-0.905897,0.60293747,0.79470755,-0.36434242,9,904
50.0,canon,6,11,3300,0.998860,-0.906582,0.08387940,0.66997201,-0.60526246,35,904
50.0,canon,6,12,3600,0.999681,-0.906993,0.25720117,0.81160395,-0.49520261,30,904
50.0,canon,6,13,3900,0.999758,-0.907031,0.04054525,0.51464928,-0.42558107,48,904
50.0,canon,6,14,4200,0.999905,-0.907105,0.06811206,0.54627459,-0.40086606,49,904
50.0,canon,6,15,4500,0.999810,-0.907057,0.20561189,0.52641118,-0.26126565,28,904
50.0,canon,6,16,4800,0.999867,-0.907086,0.08351860,0.45957029,-0.42683728,30,904
50.0,canon,6,17,5100,0.999877,-0.907091,0.16003020,0.56365600,-0.40669257,29,904
50.0,canon,6,18,5400,0.999832,-0.907069,0.04983656,0.50176957,-0.40209645,45,904
50.0,canon,6,19,5700,0.999864,-0.907085,0.00723176,0.40712516,-0.38498061,49,904
50.0,canon,6,20,6000,0.999830,-0.907067,0.11372667,0.39586376,-0.31269971,27,904
50.0,canon,6,21,6300,0.999814,-0.907059,0.00600666,0.35567680,-0.34678552,44,904
50.0,canon,6,22,6600,0.999882,-0.907093,0.02886339,0.35238335,-0.35153921,35,904
50.0,canon,6,23,6900,0.999852,-0.907078,0.20926342,0.49446170,-0.35649158,21,904
50.0,canon,6,24,7200,0.999836,-0.907070,-0.00679554,0.40153231,-0.40987791,47,904
50.0,canon,6,25,7500,0.999879,-0.907092,0.00376838,0.40649746,-0.39218401,48,904
50.0,canon,6,26,7800,0.999851,-0.907078,0.03049685,0.34853004,-0.30741341,40,904
50.0,canon,6,27,8100,0.999850,-0.907077,0.01155072,0.29069123,-0.26758980,45,904
50.0,canon,6,28,8400,0.999851,-0.907078,-0.00412905,0.26809956,-0.28896188,41,904
50.0,canon,6,29,8700,0.999858,-0.907082,-0.00130081,0.32337294,-0.32051130,48,904
50.0,canon,7,0,0,0.145394,0.815482,0.08236389,0.55390513,-0.41100978,41,821
50.0,canon,7,1,300,0.308994,0.547095,0.21269111,0.56281283,-0.41578823,23,821
50.0,canon,7,2,600,0.445353,0.180012,0.29852675,0.60159607,-0.37318828,19,821
50.0,canon,7,3,900,0.623763,-0.360335,0.31397685,0.77773318,-0.65701298,20,821
50.0,canon,7,4,1200,0.704848,-0.557312,0.15260878,0.72394921,-0.42383291,44,821
50.0,canon,7,5,1500,0.870896,-0.812729,0.05553315,0.77413974,-0.66307344,45,821
50.0,canon,7,6,1800,0.908930,-0.847730,0.38427917,0.76147315,-0.56178001,17,821
50.0,canon,7,7,2100,0.939884,-0.871384,0.10913241,0.39101048,-0.28664684,29,821
50.0,canon,7,8,2400,0.964913,-0.887763,0.36805961,0.55400676,-0.25982031,13,821
50.0,canon,7,9,2700,0.973751,-0.893018,-0.00431107,0.48330175,-0.49192388,45,821
50.0,canon,7,10,3000,0.988216,-0.901069,0.04456061,0.46346393,-0.36729387,48,821
50.0,canon,7,11,3300,0.995316,-0.904783,0.20271110,0.40130410,-0.23744533,19,821
50.0,canon,7,12,3600,0.997467,-0.905879,-0.00353894,0.27263629,-0.29697513,40,821
50.0,canon,7,13,3900,0.999044,-0.906674,0.03624547,0.35097686,-0.27848592,45,821
50.0,canon,7,14,4200,0.999772,-0.907039,0.00465298,0.36188275,-0.34798773,47,821
50.0,canon,7,15,4500,0.999869,-0.907087,0.01875266,0.31614062,-0.27292316,49,821
50.0,canon,7,16,4800,0.999847,-0.907076,0.00202581,0.32851674,-0.32027093,47,821
50.0,canon,7,17,5100,0.999882,-0.907094,0.00252444,0.34060429,-0.32986657,48,821
50.0,canon,7,18,5400,0.999832,-0.907069,0.04415916,0.38909007,-0.29827226,46,821
50.0,canon,7,19,5700,0.999886,-0.907095,0.01381782,0.33202210,-0.31911935,41,821
50.0,canon,7,20,6000,0.999863,-0.907084,0.06768069,0.36592101,-0.27482968,36,821
50.0,canon,7,21,6300,0.999854,-0.907079,-0.00652373,0.25503071,-0.26471817,47,821
50.0,canon,7,22,6600,0.999866,-0.907086,-0.00166753,0.25008320,-0.24858272,49,821
50.0,canon,7,23,6900,0.999834,-0.907069,0.07975671,0.35580845,-0.20907626,41,821
50.0,canon,7,24,7200,0.999865,-0.907085,0.01543602,0.35014752,-0.32999284,42,821
50.0,canon,7,25,7500,0.999843,-0.907074,0.20015804,0.40186052,-0.30574207,17,821
50.0,canon,7,26,7800,0.999868,-0.907086,0.02598217,0.30531949,-0.25335516,45,821
50.0,canon,7,27,8100,0.999829,-0.907067,0.02605539,0.30708718,-0.27765740,39,821
50.0,canon,7,28,8400,0.999845,-0.907075,-0.00205416,0.28524216,-0.28565980,47,821
50.0,canon,7,29,8700,0.999887,-0.907096,0.00558778,0.37372586,-0.35988263,46,821
50.0,canon,8,0,0,0.134119,0.827571,0.07819745,0.58619093,-0.48111287,38,881
50.0,canon,8,1,300,0.279960,0.608802,0.22449993,0.59771841,-0.44543882,23,881
50.0,canon,8,2,600,0.412259,0.278870,0.30915406,0.64166260,-0.31749665,22,881
50.0,canon,8,3,900,0.569874,-0.206056,0.27403003,0.80575386,-0.59799704,25,881
50.0,canon,8,4,1200,0.650096,-0.429442,0.09563435,0.83912490,-0.69432436,40,881
50.0,canon,8,5,1500,0.816836,-0.749643,0.06709965,0.80202050,-0.71375375,40,881
50.0,canon,8,6,1800,0.860225,-0.801594,0.32164987,0.74450962,-0.51718765,21,881
50.0,canon,8,7,2100,0.937904,-0.869988,0.18479467,0.52178141,-0.30564140,28,881
50.0,canon,8,8,2400,0.966176,-0.888530,0.54683297,0.71795822,-0.22323067,10,881
50.0,canon,8,9,2700,0.978201,-0.895565,0.05449855,0.35734173,-0.31069469,34,881
50.0,canon,8,10,3000,0.986018,-0.899888,0.07589980,0.30984351,-0.23154095,31,881
50.0,canon,8,11,3300,0.990816,-0.902447,-0.00543848,0.32617805,-0.34001587,44,881
50.0,canon,8,12,3600,0.994560,-0.904395,0.02390410,0.30750900,-0.28835020,38,881
50.0,canon,8,13,3900,0.995972,-0.905119,0.06283566,0.32967132,-0.25893674,34,881
50.0,canon,8,14,4200,0.997160,-0.905724,-0.00703334,0.33148888,-0.34310250,46,881
50.0,canon,8,15,4500,0.998270,-0.906285,0.06877450,0.42130197,-0.36793863,33,881
50.0,canon,8,16,4800,0.998878,-0.906591,0.01833957,0.33933200,-0.30265285,45,881
50.0,canon,8,17,5100,0.999421,-0.906863,0.00402346,0.30970343,-0.31144429,42,881
50.0,canon,8,18,5400,0.999857,-0.907081,0.05677668,0.37005574,-0.28814941,38,881
50.0,canon,8,19,5700,0.999868,-0.907086,-0.00236218,0.33313190,-0.33785626,45,881
50.0,canon,8,20,6000,0.999873,-0.907089,0.02674662,0.35465174,-0.31165792,42,881
50.0,canon,8,21,6300,0.999844,-0.907075,-0.00815445,0.29730870,-0.30775037,49,881
50.0,canon,8,22,6600,0.999874,-0.907089,-0.00542673,0.31698469,-0.32550185,46,881
50.0,canon,8,23,6900,0.999843,-0.907074,0.01042384,0.31637011,-0.31464408,40,881
50.0,canon,8,24,7200,0.999865,-0.907085,0.05818690,0.33005870,-0.29909764,31,881
50.0,canon,8,25,7500,0.999823,-0.907064,-0.00064316,0.27537472,-0.27135938,49,881
50.0,canon,8,26,7800,0.999840,-0.907072,0.00965717,0.29254874,-0.28229251,42,881
50.0,canon,8,27,8100,0.999872,-0.907088,0.02500417,0.27338634,-0.28269315,33,881
50.0,canon,8,28,8400,0.999844,-0.907075,0.08003816,0.40004099,-0.29622891,35,881
50.0,canon,8,29,8700,0.999853,-0.907079,-0.00532927,0.26316485,-0.26930545,48,881
50.0,canon,9,0,0,0.142747,0.818383,0.05771355,0.55331998,-0.43152621,47,889
50.0,canon,9,1,300,0.290467,0.587209,0.20405352,0.58756351,-0.39911762,26,889
50.0,canon,9,2,600,0.415310,0.269956,0.28304569,0.61261865,-0.37073648,21,889
50.0,canon,9,3,900,0.572662,-0.214390,0.32967903,0.74224762,-0.64136656,18,889
50.0,canon,9,4,1200,0.663179,-0.462001,0.08289140,0.77849971,-0.64492366,41,889
50.0,canon,9,5,1500,0.824565,-0.759724,0.02800033,0.72593325,-0.71355340,40,889
50.0,canon,9,6,1800,0.874769,-0.816621,0.49950775,0.72435754,-0.32962585,12,889
50.0,canon,9,7,2100,0.920017,-0.856665,0.11753550,0.38039793,-0.31355890,25,889
50.0,canon,9,8,2400,0.944680,-0.874702,0.20480603,0.43039000,-0.29517249,19,889
50.0,canon,9,9,2700,0.961114,-0.885422,-0.00018281,0.34479853,-0.35192022,43,889
50.0,canon,9,10,3000,0.977882,-0.895385,0.01018596,0.36523535,-0.33888905,48,889
50.0,canon,9,11,3300,0.985134,-0.899408,0.01189299,0.33183390,-0.31829234,42,889
50.0,canon,9,12,3600,0.990637,-0.902352,-0.00234663,0.29088132,-0.28994235,49,889
50.0,canon,9,13,3900,0.994077,-0.904146,0.02452298,0.30417940,-0.26408796,42,889
50.0,canon,9,14,4200,0.996409,-0.905342,0.00719934,0.30030026,-0.29528658,42,889
50.0,canon,9,15,4500,0.997940,-0.906118,0.00043818,0.32285709,-0.31655541,48,889
50.0,canon,9,16,4800,0.998726,-0.906514,0.03883977,0.32094826,-0.29287022,35,889
50.0,canon,9,17,5100,0.999237,-0.906771,0.00011384,0.34031565,-0.33436342,48,889
50.0,canon,9,18,5400,0.999744,-0.907024,0.10855692,0.35296878,-0.22314490,30,889
50.0,canon,9,19,5700,0.999856,-0.907080,0.01140560,0.40018998,-0.40167781,40,889
50.0,canon,9,20,6000,0.999891,-0.907098,0.01243838,0.39783003,-0.37295327,45,889
50.0,canon,9,21,6300,0.999851,-0.907078,0.07861584,0.35314420,-0.27135735,32,889
50.0,canon,9,22,6600,0.999870,-0.907088,0.01376589,0.34456355,-0.31998531,44,889
50.0,canon,9,23,6900,0.999834,-0.907069,0.04190089,0.34166519,-0.28814521,38,889
50.0,canon,9,24,7200,0.999854,-0.907079,0.02983897,0.27587739,-0.26685443,34,889
50.0,canon,9,25,7500,0.999846,-0.907075,0.04502870,0.32160667,-0.29759773,33,889
50.0,canon,9,26,7800,0.999831,-0.907068,-0.00481803,0.30198090,-0.30645448,48,889
50.0,canon,9,27,8100,0.999848,-0.907076,0.05750013,0.38089848,-0.31390265,36,889
50.0,canon,9,28,8400,0.999820,-0.907062,0.04327682,0.28006208,-0.19814560,43,889
50.0,canon,9,29,8700,0.999860,-0.907083,0.02568634,0.36763912,-0.34386414,39,889
50.0,repli,3071,0,0,0.145367,0.815511,0.08707321,0.56271200,-0.43661398,38,817
50.0,repli,3071,1,300,0.299999,0.566895,0.18814723,0.60811099,-0.38180359,30,817
50.0,repli,3071,2,600,0.445823,0.178576,0.21569255,0.59684145,-0.43752645,24,817
50.0,repli,3071,3,900,0.616154,-0.339529,0.30974094,0.73971026,-0.64323199,19,817
50.0,repli,3071,4,1200,0.707202,-0.562305,0.08804287,0.76371830,-0.59366537,44,817
50.0,repli,3071,5,1500,0.879245,-0.821022,0.04354791,0.80558128,-0.70324480,50,817
50.0,repli,3071,6,1800,0.915104,-0.852772,0.29197365,0.60178867,-0.48508898,17,817
50.0,repli,3071,7,2100,0.960259,-0.884889,0.07744432,0.40160402,-0.24048904,49,817
50.0,repli,3071,8,2400,0.974455,-0.893425,0.32737630,0.55007638,-0.27013596,16,817
50.0,repli,3071,9,2700,0.982446,-0.897936,0.04403561,0.33934096,-0.29510414,36,817
50.0,repli,3071,10,3000,0.991489,-0.902800,0.11969005,0.39047235,-0.23616270,31,817
50.0,repli,3071,11,3300,0.995092,-0.904668,0.01717193,0.35591474,-0.31506442,49,817
50.0,repli,3071,12,3600,0.997101,-0.905693,-0.00772465,0.37901082,-0.39791312,44,817
50.0,repli,3071,13,3900,0.998341,-0.906321,0.04179617,0.43736329,-0.40264412,37,817
50.0,repli,3071,14,4200,0.998761,-0.906532,0.00579748,0.36724776,-0.35565281,45,817
50.0,repli,3071,15,4500,0.999094,-0.906699,0.02278267,0.33284801,-0.30666176,40,817
50.0,repli,3071,16,4800,0.999355,-0.906830,-0.00067086,0.31085377,-0.31219549,45,817
50.0,repli,3071,17,5100,0.999728,-0.907017,0.01999657,0.32264697,-0.29234460,42,817
50.0,repli,3071,18,5400,0.999828,-0.907066,0.03596910,0.39934365,-0.35011635,40,817
50.0,repli,3071,19,5700,0.999901,-0.907103,0.02022015,0.34450824,-0.31908253,41,817
50.0,repli,3071,20,6000,0.999829,-0.907067,0.15543147,0.47907504,-0.29898989,29,817
50.0,repli,3071,21,6300,0.999880,-0.907093,0.00938878,0.28971762,-0.26733890,47,817
50.0,repli,3071,22,6600,0.999816,-0.907061,0.05954820,0.38216768,-0.30293160,37,817
50.0,repli,3071,23,6900,0.999876,-0.907091,0.01400001,0.28303070,-0.26748683,41,817
50.0,repli,3071,24,7200,0.999842,-0.907073,0.10791508,0.42967771,-0.25360200,37,817
50.0,repli,3071,25,7500,0.999883,-0.907094,0.00410555,0.31959973,-0.31420554,44,817
50.0,repli,3071,26,7800,0.999860,-0.907082,0.04275632,0.36875697,-0.27698262,49,817
50.0,repli,3071,27,8100,0.999891,-0.907098,-0.00177873,0.32385427,-0.32089907,50,817
50.0,repli,3071,28,8400,0.999850,-0.907078,0.08174213,0.35439777,-0.30108811,29,817
50.0,repli,3071,29,8700,0.999858,-0.907081,0.00990619,0.38963512,-0.37725930,43,817
50.0,repli,3072,0,0,0.148426,0.812110,0.07600111,0.55207020,-0.48377245,35,804
50.0,repli,3072,1,300,0.311686,0.541049,0.25864181,0.62766478,-0.51400003,20,804
50.0,repli,3072,2,600,0.456862,0.144699,0.22552387,0.71050929,-0.53724427,26,804
50.0,repli,3072,3,900,0.654119,-0.439585,0.21271724,0.80809100,-0.68713991,27,804
50.0,repli,3072,4,1200,0.729883,-0.608268,0.09992323,0.72183210,-0.51152082,48,804
50.0,repli,3072,5,1500,0.886553,-0.827992,0.04094807,0.80451080,-0.70794840,49,804
50.0,repli,3072,6,1800,0.923194,-0.859128,0.41078203,0.74455388,-0.55126626,15,804
50.0,repli,3072,7,2100,0.949478,-0.877934,0.10656106,0.33939292,-0.23229247,28,804
50.0,repli,3072,8,2400,0.968585,-0.889978,0.12370325,0.35760246,-0.24416527,26,804
50.0,repli,3072,9,2700,0.979915,-0.896530,0.00427798,0.25347019,-0.24491424,45,804
50.0,repli,3072,10,3000,0.987150,-0.900498,0.00752142,0.28817208,-0.28211558,42,804
50.0,repli,3072,11,3300,0.992537,-0.903347,-0.00571587,0.28296035,-0.29230022,46,804
50.0,repli,3072,12,3600,0.995342,-0.904797,0.02411368,0.30661378,-0.27604267,40,804
50.0,repli,3072,13,3900,0.997519,-0.905906,0.01496021,0.27038895,-0.24864728,42,804
50.0,repli,3072,14,4200,0.998702,-0.906502,0.01658003,0.25603556,-0.22756495,43,804
50.0,repli,3072,15,4500,0.999663,-0.906984,0.01192197,0.26438401,-0.26091532,39,804
50.0,repli,3072,16,4800,0.999863,-0.907084,-0.00220790,0.23495374,-0.23936953,45,804
50.0,repli,3072,17,5100,0.999834,-0.907070,-0.00023062,0.27751059,-0.27595921,46,804
50.0,repli,3072,18,5400,0.999867,-0.907086,0.00333167,0.27249038,-0.26236936,47,804
50.0,repli,3072,19,5700,0.999849,-0.907077,-0.00504331,0.27621683,-0.28090110,49,804
50.0,repli,3072,20,6000,0.999876,-0.907090,0.00017404,0.27964307,-0.27370562,50,804
50.0,repli,3072,21,6300,0.999836,-0.907071,0.02108084,0.39504453,-0.34569987,49,804
50.0,repli,3072,22,6600,0.999861,-0.907083,0.06887022,0.40857699,-0.34077618,34,804
50.0,repli,3072,23,6900,0.999850,-0.907077,0.00113922,0.31137855,-0.30387973,48,804
50.0,repli,3072,24,7200,0.999873,-0.907089,0.00695400,0.28284683,-0.27777283,42,804
50.0,repli,3072,25,7500,0.999878,-0.907091,-0.00099924,0.28899211,-0.29357979,44,804
50.0,repli,3072,26,7800,0.999831,-0.907068,-0.00013262,0.31842400,-0.31638086,46,804
50.0,repli,3072,27,8100,0.999843,-0.907074,0.00028723,0.29473008,-0.28826676,50,804
50.0,repli,3072,28,8400,0.999827,-0.907066,-0.00307874,0.23562090,-0.24390962,44,804
50.0,repli,3072,29,8700,0.999840,-0.907073,-0.00605429,0.23123580,-0.23878660,49,804
50.0,repli,3073,0,0,0.136937,0.824615,0.09372657,0.55821708,-0.43971174,36,883
50.0,repli,3073,1,300,0.279814,0.609095,0.22421233,0.58408231,-0.42176545,23,883
50.0,repli,3073,2,600,0.408775,0.288994,0.30054562,0.59468144,-0.35136945,19,883
50.0,repli,3073,3,900,0.587214,-0.257333,0.31988305,0.74674127,-0.57385136,20,883
50.0,repli,3073,4,1200,0.678830,-0.499321,0.07405068,0.78923856,-0.64752282,44,883
50.0,repli,3073,5,1500,0.855603,-0.796579,0.02980280,0.79590026,-0.72645319,47,883
50.0,repli,3073,6,1800,0.901534,-0.841465,0.36750549,0.69845944,-0.41144711,18,883
50.0,repli,3073,7,2100,0.956361,-0.882422,0.30959316,0.48040637,-0.32028054,12,883
50.0,repli,3073,8,2400,0.979976,-0.896564,0.61984253,0.69164271,-0.23390642,4,883
50.0,repli,3073,9,2700,0.986480,-0.900137,0.09310862,0.36185412,-0.27161741,30,883
50.0,repli,3073,10,3000,0.993581,-0.903889,0.04747333,0.37304000,-0.32641965,36,883
50.0,repli,3073,11,3300,0.996158,-0.905214,0.07607611,0.38290474,-0.28470042,35,883
50.0,repli,3073,12,3600,0.997908,-0.906102,0.02363792,0.34383788,-0.29117406,48,883
50.0,repli,3073,13,3900,0.998706,-0.906504,0.01376762,0.35000737,-0.33323843,42,883
50.0,repli,3073,14,4200,0.999342,-0.906823,0.11875521,0.39046798,-0.30858514,26,883
50.0,repli,3073,15,4500,0.999776,-0.907041,0.00990039,0.44661845,-0.43071694,44,883
50.0,repli,3073,16,4800,0.999888,-0.907096,0.05326755,0.52237548,-0.42502732,43,883
50.0,repli,3073,17,5100,0.999827,-0.907066,0.03370558,0.42656341,-0.37173143,42,883
50.0,repli,3073,18,5400,0.999810,-0.907057,0.00059054,0.29944163,-0.29442143,47,883
50.0,repli,3073,19,5700,0.999869,-0.907087,-0.00471461,0.33586235,-0.34529157,45,883
50.0,repli,3073,20,6000,0.999855,-0.907080,0.01318418,0.30699768,-0.30434189,39,883
50.0,repli,3073,21,6300,0.999831,-0.907068,0.03854711,0.30821942,-0.29552457,33,883
50.0,repli,3073,22,6600,0.999866,-0.907085,0.01339808,0.38334682,-0.41146492,36,883
50.0,repli,3073,23,6900,0.999872,-0.907089,0.06252227,0.38846861,-0.28379572,40,883
50.0,repli,3073,24,7200,0.999859,-0.907082,0.00025336,0.30952292,-0.30504325,47,883
50.0,repli,3073,25,7500,0.999843,-0.907074,0.01447992,0.31478552,-0.29972988,41,883
50.0,repli,3073,26,7800,0.999884,-0.907095,-0.00365084,0.29633803,-0.30951465,43,883
50.0,repli,3073,27,8100,0.999855,-0.907080,0.05904627,0.32280122,-0.26769493,33,883
50.0,repli,3073,28,8400,0.999825,-0.907065,0.01639468,0.36537657,-0.33258722,45,883
50.0,repli,3073,29,8700,0.999880,-0.907092,0.02405978,0.41468432,-0.36373415,46,883
50.0,repli,3074,0,0,0.140694,0.820606,0.11890995,0.61529823,-0.46475539,35,920
50.0,repli,3074,1,300,0.283850,0.600905,0.22184268,0.60362187,-0.40427518,25,920
50.0,repli,3074,2,600,0.403707,0.303612,0.32840025,0.62582282,-0.29432824,20,920
50.0,repli,3074,3,900,0.553115,-0.155335,0.40499460,0.75195526,-0.59506847,15,920
50.0,repli,3074,4,1200,0.646399,-0.420023,0.08234110,0.82446254,-0.70616293,40,920
50.0,repli,3074,5,1500,0.825236,-0.760582,0.03746841,0.81361222,-0.75387528,43,920
50.0,repli,3074,6,1800,0.871050,-0.812885,0.37612202,0.77115486,-0.45097798,20,920
50.0,repli,3074,7,2100,0.938458,-0.870380,0.31215643,0.46295517,-0.19703931,13,920
50.0,repli,3074,8,2400,0.967289,-0.889201,0.60355957,0.65799865,-0.26802693,3,920
50.0,repli,3074,9,2700,0.980089,-0.896627,0.19300080,0.51984638,-0.45537100,21,920
50.0,repli,3074,10,3000,0.991763,-0.902943,0.24355063,0.67416240,-0.43370052,26,920
50.0,repli,3074,11,3300,0.994925,-0.904583,0.05210682,0.45795688,-0.49868970,30,920
50.0,repli,3074,12,3600,0.998050,-0.906174,0.05536491,0.38592044,-0.30186850,39,920
50.0,repli,3074,13,3900,0.999042,-0.906673,0.02753637,0.45237246,-0.41696969,41,920
50.0,repli,3074,14,4200,0.999623,-0.906964,0.02455841,0.35805540,-0.31546973,43,920
50.0,repli,3074,15,4500,0.999844,-0.907074,0.02868340,0.35461407,-0.30015736,44,920
50.0,repli,3074,16,4800,0.999851,-0.907078,0.00691217,0.35195415,-0.34121053,44,920
50.0,repli,3074,17,5100,0.999860,-0.907083,0.00695808,0.25798244,-0.25568874,41,920
50.0,repli,3074,18,5400,0.999825,-0.907065,0.01855589,0.37099046,-0.34078071,43,920
50.0,repli,3074,19,5700,0.999901,-0.907103,0.02527503,0.34513382,-0.31457493,40,920
50.0,repli,3074,20,6000,0.999840,-0.907073,0.02695554,0.33950113,-0.28559005,45,920
50.0,repli,3074,21,6300,0.999830,-0.907067,-0.00246411,0.30990534,-0.31762257,44,920
50.0,repli,3074,22,6600,0.999854,-0.907079,0.01191696,0.31030584,-0.30028737,41,920
50.0,repli,3074,23,6900,0.999831,-0.907068,-0.00740525,0.28624278,-0.29541299,49,920
50.0,repli,3074,24,7200,0.999821,-0.907063,0.02993498,0.33774919,-0.27392497,47,920
50.0,repli,3074,25,7500,0.999884,-0.907094,0.00916959,0.34091544,-0.31620419,49,920
50.0,repli,3074,26,7800,0.999834,-0.907069,0.08378390,0.36614469,-0.24822274,35,920
50.0,repli,3074,27,8100,0.999876,-0.907091,0.06403326,0.34000266,-0.29863620,31,920
50.0,repli,3074,28,8400,0.999865,-0.907085,0.13956007,0.44554227,-0.34167804,26,920
50.0,repli,3074,29,8700,0.999844,-0.907074,0.00216148,0.37747626,-0.36594436,49,920
50.0,repli,3075,0,0,0.146780,0.813947,0.08510651,0.59996787,-0.50617958,36,835
50.0,repli,3075,1,300,0.300150,0.566568,0.22344196,0.56402000,-0.41841666,22,835
50.0,repli,3075,2,600,0.433674,0.215405,0.28614751,0.61305105,-0.36233925,21,835
50.0,repli,3075,3,900,0.614976,-0.336278,0.31587488,0.76847082,-0.63174787,20,835
50.0,repli,3075,4,1200,0.716280,-0.581171,0.09683864,0.81034928,-0.61667200,45,835
50.0,repli,3075,5,1500,0.876182,-0.818022,0.05080876,0.80155613,-0.68551849,49,835
50.0,repli,3075,6,1800,0.908954,-0.847750,0.29127616,0.67385141,-0.50974077,20,835
50.0,repli,3075,7,2100,0.958409,-0.883725,0.16563005,0.41755560,-0.28658413,23,835
50.0,repli,3075,8,2400,0.979089,-0.896066,0.50556341,0.59513878,-0.19102797,6,835
50.0,repli,3075,9,2700,0.987729,-0.900808,0.12092124,0.49237972,-0.44050689,27,835
50.0,repli,3075,10,3000,0.995690,-0.904975,0.18782162,0.49623915,-0.36579744,23,835
50.0,repli,3075,11,3300,0.997473,-0.905882,0.01956685,0.42446801,-0.38533430,45,835
50.0,repli,3075,12,3600,0.999411,-0.906858,0.05974603,0.49397569,-0.40162299,40,835
50.0,repli,3075,13,3900,0.999816,-0.907060,0.08414888,0.41209890,-0.30146267,35,835
50.0,repli,3075,14,4200,0.999880,-0.907092,0.07456044,0.47872611,-0.45658014,31,835
50.0,repli,3075,15,4500,0.999868,-0.907087,0.20367661,0.54312969,-0.35302644,25,835
50.0,repli,3075,16,4800,0.999857,-0.907081,0.00926562,0.44676427,-0.42823304,45,835
50.0,repli,3075,17,5100,0.999882,-0.907094,0.05510673,0.48916202,-0.37580324,46,835
50.0,repli,3075,18,5400,0.999821,-0.907063,0.12086951,0.41533242,-0.36204968,25,835
50.0,repli,3075,19,5700,0.999861,-0.907083,0.00796007,0.34616310,-0.33686628,43,835
50.0,repli,3075,20,6000,0.999868,-0.907087,0.01070107,0.29488232,-0.28663781,41,835
50.0,repli,3075,21,6300,0.999831,-0.907068,0.01233180,0.31919043,-0.30053630,43,835
50.0,repli,3075,22,6600,0.999873,-0.907089,0.00354527,0.31453285,-0.32184107,41,835
50.0,repli,3075,23,6900,0.999847,-0.907076,0.04036063,0.28695175,-0.23114080,38,835
50.0,repli,3075,24,7200,0.999846,-0.907075,0.00343118,0.41920885,-0.40933360,46,835
50.0,repli,3075,25,7500,0.999894,-0.907100,0.06888300,0.40362811,-0.28136085,41,835
50.0,repli,3075,26,7800,0.999844,-0.907075,0.11325571,0.42020190,-0.30331413,30,835
50.0,repli,3075,27,8100,0.999849,-0.907077,0.01376021,0.31429546,-0.29266067,43,835
50.0,repli,3075,28,8400,0.999893,-0.907099,0.01766320,0.33518494,-0.31002548,42,835
50.0,repli,3075,29,8700,0.999827,-0.907066,0.05709161,0.34509587,-0.29020765,34,835
50.0,repli,3076,0,0,0.136223,0.825368,0.07963683,0.57782967,-0.46888279,38,884
50.0,repli,3076,1,300,0.282988,0.602665,0.23197097,0.59717674,-0.45630144,22,884
50.0,repli,3076,2,600,0.409333,0.287378,0.27441345,0.65296175,-0.43900449,22,884
50.0,repli,3076,3,900,0.574592,-0.220141,0.25479600,0.77190817,-0.67343640,23,884
50.0,repli,3076,4,1200,0.654850,-0.441414,0.08931335,0.79861107,-0.63387515,43,884
50.0,repli,3076,5,1500,0.824217,-0.759278,0.02833038,0.79413148,-0.72458463,48,884
50.0,repli,3076,6,1800,0.872962,-0.814815,0.39737288,0.79050534,-0.52792671,18,884
50.0,repli,3076,7,2100,0.942837,-0.873438,0.24405911,0.53767756,-0.44701844,18,884
50.0,repli,3076,8,2400,0.978069,-0.895491,0.63595950,0.74537799,-0.39487787,5,884
50.0,repli,3076,9,2700,0.985035,-0.899354,0.05375121,0.52896278,-0.49199958,36,884
50.0,repli,3076,10,3000,0.993765,-0.903984,0.12625803,0.46631113,-0.40856560,26,884
50.0,repli,3076,11,3300,0.996165,-0.905218,0.03460970,0.55143239,-0.49876150,42,884
50.0,repli,3076,12,3600,0.998694,-0.906498,0.10673556,0.51957481,-0.30080027,47,884
50.0,repli,3076,13,3900,0.999395,-0.906850,0.18265160,0.48222784,-0.28851145,26,884
50.0,repli,3076,14,4200,0.999829,-0.907067,0.01753647,0.30270115,-0.26215086,49,884
50.0,repli,3076,15,4500,0.999825,-0.907065,0.13280714,0.38791979,-0.26842514,26,884
50.0,repli,3076,16,4800,0.999867,-0.907086,0.00905082,0.36889886,-0.35401015,44,884
50.0,repli,3076,17,5100,0.999846,-0.907076,0.03802237,0.34425086,-0.27420325,43,884
50.0,repli,3076,18,5400,0.999866,-0.907086,0.00102194,0.30391235,-0.29797746,47,884
50.0,repli,3076,19,5700,0.999863,-0.907084,0.02636889,0.31336159,-0.26062380,45,884
50.0,repli,3076,20,6000,0.999841,-0.907073,-0.00497009,0.33606762,-0.33918705,50,884
50.0,repli,3076,21,6300,0.999854,-0.907080,-0.00275642,0.38095233,-0.38153595,47,884
50.0,repli,3076,22,6600,0.999845,-0.907075,0.07478837,0.36276710,-0.30366334,31,884
50.0,repli,3076,23,6900,0.999891,-0.907098,0.09675811,0.52858533,-0.45374221,32,884
50.0,repli,3076,24,7200,0.999833,-0.907069,0.28342758,0.57742175,-0.36817352,19,884
50.0,repli,3076,25,7500,0.999843,-0.907074,-0.00361074,0.33902127,-0.36210666,41,884
50.0,repli,3076,26,7800,0.999861,-0.907083,0.01623708,0.34125462,-0.32909406,40,884
50.0,repli,3076,27,8100,0.999829,-0.907067,0.01051223,0.32922947,-0.30589545,46,884
50.0,repli,3076,28,8400,0.999860,-0.907082,0.00460917,0.33518998,-0.33244569,43,884
50.0,repli,3076,29,8700,0.999820,-0.907062,0.04610418,0.37428824,-0.29258823,42,884
50.0,repli,3077,0,0,0.135721,0.825896,0.14776015,0.58543751,-0.41019802,32,931
50.0,repli,3077,1,300,0.266445,0.635344,0.24408853,0.60585538,-0.32488574,26,931
50.0,repli,3077,2,600,0.385988,0.353610,0.34012912,0.67925435,-0.24106906,24,931
50.0,repli,3077,3,900,0.543490,-0.125784,0.34781672,0.78825224,-0.57434514,20,931
50.0,repli,3077,4,1200,0.625595,-0.365292,0.07629156,0.83733894,-0.77878485,37,931
50.0,repli,3077,5,1500,0.789992,-0.711630,0.05554267,0.84277101,-0.78088743,40,931
50.0,repli,3077,6,1800,0.843683,-0.783092,0.31214702,0.65440873,-0.33288465,22,931
50.0,repli,3077,7,2100,0.928112,-0.862857,0.08442694,0.55548442,-0.38663055,45,931
50.0,repli,3077,8,2400,0.956042,-0.882218,0.41734678,0.69084851,-0.31646812,16,931
50.0,repli,3077,9,2700,0.978730,-0.895864,0.26229907,0.53473719,-0.34152576,19,931
50.0,repli,3077,10,3000,0.993049,-0.903613,0.51897172,0.75642267,-0.44417205,11,931
50.0,repli,3077,11,3300,0.995545,-0.904901,0.02366290,0.47208048,-0.48015762,37,931
50.0,repli,3077,12,3600,0.997902,-0.906099,0.10366138,0.51624768,-0.35990083,37,931
50.0,repli,3077,13,3900,0.998615,-0.906459,0.04635045,0.46331735,-0.44392931,35,931
50.0,repli,3077,14,4200,0.999234,-0.906769,0.15054605,0.55188971,-0.45605100,27,931
50.0,repli,3077,15,4500,0.999407,-0.906856,0.04769755,0.44970505,-0.34914566,47,931
50.0,repli,3077,16,4800,0.999858,-0.907082,0.01652022,0.41306329,-0.37492876,47,931
50.0,repli,3077,17,5100,0.999820,-0.907063,0.20834435,0.42370595,-0.21887388,21,931
50.0,repli,3077,18,5400,0.999834,-0.907070,-0.00396950,0.31796198,-0.32590098,45,931
50.0,repli,3077,19,5700,0.999874,-0.907089,0.01638994,0.33751301,-0.29932961,48,931
50.0,repli,3077,20,6000,0.999841,-0.907073,0.13506834,0.44922254,-0.32213822,28,931
50.0,repli,3077,21,6300,0.999856,-0.907081,0.02340777,0.28567121,-0.29285107,34,931
50.0,repli,3077,22,6600,0.999807,-0.907056,0.17708294,0.41645279,-0.27403716,22,931
50.0,repli,3077,23,6900,0.999851,-0.907078,0.03280962,0.32047852,-0.30543843,35,931
50.0,repli,3077,24,7200,0.999826,-0.907065,0.05897843,0.39044886,-0.35164912,33,931
50.0,repli,3077,25,7500,0.999923,-0.907114,0.09868562,0.38276250,-0.34810058,26,931
50.0,repli,3077,26,7800,0.999848,-0.907077,0.28885467,0.51228301,-0.31061156,16,931
50.0,repli,3077,27,8100,0.999836,-0.907070,0.04985893,0.45878513,-0.40959096,37,931
50.0,repli,3077,28,8400,0.999887,-0.907096,0.08821840,0.55741989,-0.41885054,39,931
50.0,repli,3077,29,8700,0.999792,-0.907049,0.04921714,0.44627084,-0.40677422,36,931
50.0,repli,3078,0,0,0.155258,0.804323,0.11236319,0.59062333,-0.49733057,32,798
50.0,repli,3078,1,300,0.315880,0.531523,0.23159170,0.62861939,-0.39283957,26,798
50.0,repli,3078,2,600,0.458414,0.139909,0.29521016,0.68741852,-0.34801154,25,798
50.0,repli,3078,3,900,0.660072,-0.454379,0.29453815,0.79747255,-0.70314545,21,798
50.0,repli,3078,4,1200,0.752541,-0.650320,0.06513119,0.77636047,-0.63413030,48,798
50.0,repli,3078,5,1500,0.908377,-0.847270,0.08153963,0.78795261,-0.63118061,44,798
50.0,repli,3078,6,1800,0.935802,-0.868490,0.22942630,0.60099138,-0.47083096,22,798
50.0,repli,3078,7,2100,0.964193,-0.887323,0.07429085,0.44620666,-0.39983343,32,798
50.0,repli,3078,8,2400,0.989536,-0.901770,0.28373175,0.64360381,-0.46975039,20,798
50.0,repli,3078,9,2700,0.994521,-0.904375,0.00655416,0.32938129,-0.31627296,45,798
50.0,repli,3078,10,3000,0.997987,-0.906142,-0.00261965,0.31876272,-0.33888207,41,798
50.0,repli,3078,11,3300,0.999412,-0.906858,0.00842446,0.35429882,-0.33494356,46,798
50.0,repli,3078,12,3600,0.999752,-0.907029,0.04856681,0.31596964,-0.25852863,36,798
50.0,repli,3078,13,3900,0.999870,-0.907088,0.03482717,0.35028325,-0.31960418,37,798
50.0,repli,3078,14,4200,0.999825,-0.907065,0.03844816,0.38105757,-0.30167858,46,798
50.0,repli,3078,15,4500,0.999888,-0.907097,0.01861420,0.32212124,-0.31555271,38,798
50.0,repli,3078,16,4800,0.999864,-0.907085,0.01877223,0.29594292,-0.26382653,43,798
50.0,repli,3078,17,5100,0.999835,-0.907070,-0.00401379,0.28109054,-0.28432069,48,798
50.0,repli,3078,18,5400,0.999860,-0.907082,-0.00611554,0.26295585,-0.27001870,49,798
50.0,repli,3078,19,5700,0.999817,-0.907061,0.05139191,0.32448386,-0.23876829,40,798
50.0,repli,3078,20,6000,0.999901,-0.907103,0.07316496,0.40863011,-0.31209580,36,798
50.0,repli,3078,21,6300,0.999873,-0.907089,0.09873351,0.34272216,-0.21230716,32,798
50.0,repli,3078,22,6600,0.999845,-0.907075,0.00191039,0.27329129,-0.27816005,42,798
50.0,repli,3078,23,6900,0.999880,-0.907092,0.04798988,0.34409306,-0.34113871,31,798
50.0,repli,3078,24,7200,0.999828,-0.907066,0.00882881,0.37736490,-0.35970729,45,798
50.0,repli,3078,25,7500,0.999869,-0.907087,0.01386623,0.37956972,-0.34481295,49,798
50.0,repli,3078,26,7800,0.999891,-0.907098,0.01688684,0.29464740,-0.27373406,41,798
50.0,repli,3078,27,8100,0.999841,-0.907073,0.00097008,0.28154695,-0.27488554,48,798
50.0,repli,3078,28,8400,0.999867,-0.907086,-0.00698315,0.24869608,-0.25937787,47,798
50.0,repli,3078,29,8700,0.999846,-0.907076,0.04251467,0.40121760,-0.32321304,43,798
50.0,repli,3079,0,0,0.139779,0.821590,0.03314994,0.55009643,-0.48005057,46,796
50.0,repli,3079,1,300,0.306910,0.551737,0.14087737,0.57877946,-0.43459843,31,796
50.0,repli,3079,2,600,0.464421,0.121313,0.16806523,0.50055854,-0.37722380,25,796
50.0,repli,3079,3,900,0.653907,-0.439052,0.22009203,0.71117302,-0.62153034,24,796
50.0,repli,3079,4,1200,0.750904,-0.647409,0.07171531,0.74567718,-0.60224657,45,796
50.0,repli,3079,5,1500,0.894506,-0.835278,0.08113833,0.78066232,-0.65077371,41,796
50.0,repli,3079,6,1800,0.923475,-0.859344,0.22628227,0.61134794,-0.43364935,24,796
50.0,repli,3079,7,2100,0.950945,-0.878905,0.11168812,0.40835201,-0.24605363,34,796
50.0,repli,3079,8,2400,0.967831,-0.889527,0.31972181,0.52950175,-0.28493801,15,796
50.0,repli,3079,9,2700,0.977314,-0.895062,0.01083165,0.35723475,-0.34666318,42,796
50.0,repli,3079,10,3000,0.983923,-0.898748,0.10097883,0.39648832,-0.28736956,31,796
50.0,repli,3079,11,3300,0.988234,-0.901078,-0.00303672,0.28183346,-0.29045039,44,796
50.0,repli,3079,12,3600,0.992538,-0.903348,0.08514503,0.32653968,-0.24246199,30,796
50.0,repli,3079,13,3900,0.994615,-0.904423,0.00431312,0.42024317,-0.40860295,46,796
50.0,repli,3079,14,4200,0.995982,-0.905124,0.07334525,0.45742351,-0.37826326,35,796
50.0,repli,3079,15,4500,0.996299,-0.905286,0.02290740,0.45659065,-0.40347830,48,796
50.0,repli,3079,16,4800,0.996723,-0.905502,-0.00473562,0.34176026,-0.35801723,43,796
50.0,repli,3079,17,5100,0.997884,-0.906090,0.05332340,0.42626010,-0.34971160,39,796
50.0,repli,3079,18,5400,0.999267,-0.906786,0.00977655,0.32996354,-0.31326925,44,796
50.0,repli,3079,19,5700,0.999885,-0.907095,0.06558739,0.43136468,-0.33714023,38,796
50.0,repli,3079,20,6000,0.999849,-0.907077,-0.00085691,0.35852141,-0.35333241,49,796
50.0,repli,3079,21,6300,0.999886,-0.907095,0.09977291,0.45624336,-0.28546691,39,796
50.0,repli,3079,22,6600,0.999835,-0.907070,0.00842288,0.46312305,-0.45033712,44,796
50.0,repli,3079,23,6900,0.999909,-0.907107,0.03800685,0.45977247,-0.37666175,48,796
50.0,repli,3079,24,7200,0.999858,-0.907082,0.07391797,0.47479172,-0.35930877,39,796
50.0,repli,3079,25,7500,0.999881,-0.907093,0.00927696,0.31039824,-0.28966227,46,796
50.0,repli,3079,26,7800,0.999831,-0.907068,0.00944359,0.34111848,-0.31586060,49,796
50.0,repli,3079,27,8100,0.999886,-0.907096,0.00654097,0.30614012,-0.29305819,45,796
50.0,repli,3079,28,8400,0.999841,-0.907073,0.03798788,0.35866249,-0.30856715,39,796
50.0,repli,3079,29,8700,0.999853,-0.907079,0.00047562,0.38033822,-0.39697466,41,796
50.0,repli,3080,0,0,0.154518,0.805180,0.09597200,0.61840636,-0.49101025,37,806
50.0,repli,3080,1,300,0.312079,0.540162,0.20321537,0.59179529,-0.40792955,26,806
50.0,repli,3080,2,600,0.451982,0.159719,0.26452702,0.63890134,-0.34944686,25,806
50.0,repli,3080,3,900,0.629812,-0.376618,0.27555091,0.78732064,-0.60152814,24,806
50.0,repli,3080,4,1200,0.717601,-0.583864,0.09389285,0.72661143,-0.52617135,50,806
50.0,repli,3080,5,1500,0.883396,-0.825014,0.03466503,0.79593651,-0.72108999,46,806
50.0,repli,3080,6,1800,0.919636,-0.856367,0.32880624,0.68118194,-0.50056585,18,806
50.0,repli,3080,7,2100,0.964832,-0.887714,0.25184040,0.55132646,-0.45304753,18,806
50.0,repli,3080,8,2400,0.985654,-0.899690,0.44317263,0.65703328,-0.34543852,12,806
50.0,repli,3080,9,2700,0.990049,-0.902042,0.02298837,0.39606989,-0.39618817,37,806
50.0,repli,3080,10,3000,0.993975,-0.904093,0.00673946,0.31027069,-0.29289254,47,806
50.0,repli,3080,11,3300,0.995854,-0.905059,0.01080512,0.31632610,-0.29471587,45,806
50.0,repli,3080,12,3600,0.997673,-0.905984,0.02995628,0.40527119,-0.34535862,45,806
50.0,repli,3080,13,3900,0.998579,-0.906440,0.01756710,0.32719768,-0.29206348,45,806
50.0,repli,3080,14,4200,0.999495,-0.906900,0.09613789,0.31321612,-0.29352427,23,806
50.0,repli,3080,15,4500,0.999803,-0.907054,0.00081829,0.36471424,-0.35608807,49,806
50.0,repli,3080,16,4800,0.999869,-0.907087,0.00937238,0.26862737,-0.24552016,48,806
50.0,repli,3080,17,5100,0.999831,-0.907068,0.02656545,0.38275066,-0.34102472,42,806
50.0,repli,3080,18,5400,0.999860,-0.907083,0.03561865,0.35510485,-0.29865981,41,806
50.0,repli,3080,19,5700,0.999840,-0.907072,-0.00690240,0.28253015,-0.29077562,49,806
50.0,repli,3080,20,6000,0.999881,-0.907093,-0.00511118,0.25699459,-0.27235000,43,806
50.0,repli,3080,21,6300,0.999830,-0.907067,0.04016281,0.30626012,-0.26543332,36,806
50.0,repli,3080,22,6600,0.999888,-0.907097,0.00534477,0.36247456,-0.35497368,44,806
50.0,repli,3080,23,6900,0.999829,-0.907067,0.12290510,0.44135315,-0.28305763,32,806
50.0,repli,3080,24,7200,0.999849,-0.907077,-0.00186408,0.30550305,-0.31197557,44,806
50.0,repli,3080,25,7500,0.999872,-0.907088,0.03435734,0.40466670,-0.40106136,35,806
50.0,repli,3080,26,7800,0.999870,-0.907088,0.15346058,0.50451497,-0.39866550,26,806
50.0,repli,3080,27,8100,0.999847,-0.907076,0.00642709,0.39922960,-0.37883060,49,806
50.0,repli,3080,28,8400,0.999898,-0.907102,0.02743429,0.35236278,-0.29125306,49,806
50.0,repli,3080,29,8700,0.999829,-0.907067,0.10162911,0.41649063,-0.28842323,33,806
