topo,seed,n_comm_doubt,n_comm_struct,nmi_obs,nmi_rand_mean,nmi_rand_std,z_score,p_value,significant,n_doubt_edges
lattice,42,24,8,0.27218233432462274,0.26401777432748225,0.01311910340437983,0.6223413098331404,0.246,False,2545
lattice,123,21,8,0.2718025743363653,0.23941160573930875,0.014054407280336492,2.304684071598667,0.028,True,2639
lattice,777,32,8,0.3314399338811577,0.3181826508429648,0.012309038198961937,1.0770364688797454,0.152,False,2124
ba_m3,42,15,7,0.18479553598969276,0.1689869371383623,0.017877998888359267,0.8842487880866529,0.192,False,2401
ba_m3,123,15,7,0.136997096209749,0.1712720310101933,0.01995171721608083,-1.7178939751161493,0.974,False,2320
ba_m3,777,20,9,0.2630782586562448,0.24751892726590316,0.021437873609593507,0.7257870660573817,0.238,False,1976
