topo,seed,n_comm_doubt,n_comm_struct,nmi,n_doubt_edges
lattice,42,24,8,0.263277041388196,1729
lattice,123,23,8,0.29050213502480376,1769
lattice,777,34,8,0.34118590310456465,1583
ba_m3,42,17,7,0.1923091501077358,434
ba_m3,123,17,7,0.16969188537437335,416
ba_m3,777,23,9,0.3347624469991942,336
