topo,seed,n_comm_doubt,n_comm_struct,nmi_obs,nmi_rand_mean,nmi_rand_std,z_score,p_value,significant,n_doubt_edges
lattice,42,25,8,0.30503588963224715,0.270225206119868,0.014447308160316379,2.409492697441524,0.014,True,1729
lattice,123,22,8,0.2749625732680237,0.24420369777541573,0.01679922461507327,1.8309699522190028,0.046,True,1769
lattice,777,35,8,0.3551276401731603,0.3386162402900138,0.014067927349271484,1.173691011620688,0.116,False,1583
ba_m3,42,16,7,0.1856979165344809,0.17958750982171448,0.019351550846235435,0.31575798554870593,0.362,False,434
ba_m3,123,17,7,0.1507906070631835,0.1951059678955582,0.020356541950214548,-2.1769591779673894,0.992,False,416
ba_m3,777,23,9,0.3280927153854871,0.275149375262058,0.02077655194424007,2.5482255315015583,0.004,True,336
