rho,cost_A_all_expensive,cost_B_m4r_router,acc_B_holdout,acc_A,acc_C_always_cheap_holdout,B_beats_A_cost
2,2,1.9333333333333333,0.8666666666666667,1.0,0.4,True
5,5,3.3333333333333335,0.8666666666666667,1.0,0.4,True
10,10,5.666666666666667,0.8666666666666667,1.0,0.4,True
25,25,12.666666666666666,0.8666666666666667,1.0,0.4,True
50,50,24.333333333333332,0.8666666666666667,1.0,0.4,True
100,100,47.666666666666664,0.8666666666666667,1.0,0.4,True
