condition,h_cog_mean,h_cog_std,h_cont_mean,h_cont_std,sync_mean,sync_std,f_dom_mean,f_dom_std,peak_pow_mean
FULL,0.17691803589523458,0.040988137344761075,3.6445313061987776,0.04373313426337201,0.007210644041356881,0.006394853749986564,0.016800000000000002,0.017417232845661795,0.005695004563474583
SS_NOISE,0.17180866184099508,0.039561672766373665,3.6471141600621264,0.04803706065047157,0.007921191056015006,0.006254548549774598,0.0288,0.022184679398179277,0.005282772163110553
SS_STATIC,0.17628104448581675,0.04545931467533721,3.6517579972921297,0.04901492003295104,0.008112683544656395,0.00545325529082295,0.0236,0.022087100307645637,0.006201809766050944
FROZEN_U,1.1560670441234273,0.10799475691993565,4.39388811225199,0.16745768949797832,0.6581870876170357,0.07905581395999885,0.028000000000000004,3.469446951953614e-18,0.6957533633504889
