condition,h_cog_mean,h_cog_std,h_cont_mean,h_cont_std,sync_mean,sync_std,f_dom_mean,f_dom_std,peak_pow_mean
FULL,0.017881467085795452,0.008842305461844138,3.0271315740960745,0.054461427135931946,0.06726786655626937,0.02475091442899676,0.0064,0.0032,0.010494455461150107
SS_NOISE,0.01273863529764675,0.005399909423383476,3.019334877713097,0.042594918642158815,0.06815118814225682,0.024116658247324074,0.007200000000000001,0.00466476151587624,0.010724459026912244
SS_STATIC,0.015210542545111968,0.005500955796880646,3.0340711732212986,0.03905519613718954,0.05138676711525571,0.029091407307984304,0.0056,0.0019595917942265423,0.009050333602986762
FROZEN_U,1.0715115639105692,0.11618738080714333,4.157036905358515,0.2196623903864177,0.7301850191502341,0.0781279367029548,0.028000000000000004,3.469446951953614e-18,0.737052637879149
