condition,h_cog_mean,h_cog_std,h_cont_mean,h_cont_std,sync_mean,sync_std,f_dom_mean,f_dom_std,peak_pow_mean
FULL,0.17987885261861225,0.045384829260825814,3.6458107108969435,0.0570127769494863,0.007189406714112065,0.008199823300700881,0.022400000000000003,0.020953281365934072,0.0059221354108469175
SS_NOISE,0.18375151454513994,0.04223157961493137,3.6544163127885256,0.05993704092998967,0.006373941097387396,0.00846974737024679,0.0312,0.017780888616714292,0.0048506839535939995
SS_STATIC,0.1841102704498995,0.05293273707341862,3.6424759448715824,0.06301345699210098,0.006062606409123273,0.00827195014984917,0.023200000000000002,0.02405327420539665,0.004947533904576122
FROZEN_U,1.1734184163338595,0.11577080730361068,4.424259399191084,0.18423913386757657,0.6513020599889714,0.07899438261970994,0.028000000000000004,3.469446951953614e-18,0.6970644994014388
