N,lambda2_bin,lambda2_mean,U4,H_mean,H_std,count
100,1.25,1.2790789055819147,0.6658669151401266,4.664816351538303,0.11378815096393867,3
100,2.0,1.9360921184390432,0.6641197161602251,3.797703563860875,0.16630064312922732,2
100,2.75,2.6808433209354776,0.6664306473142855,3.229522394110872,0.04297537115001515,2
100,5.0,5.027928323427064,0.6665785205115481,2.721653678964917,0.022130635955945666,2
